=== boot pid=13720 ts=2026-08-16 13:07:09.569 cwd=D:\dev\GitHub\project\pro_pptwrite\商业计划书汇报 argv=C:\Users\Administrator\.workbuddy\binaries\node\versions\22.22.2\node_modules\@tencent\slidep\dist\slidep-start.js --project D:/dev/GitHub/project/pro_pptwrite/商业计划书汇报 --filename 商业计划书.pptx ===
[2026-08-16 13:07:09.567] [INFO ] [pid=13720] [start] invoked pid=13720 cwd=D:\dev\GitHub\project\pro_pptwrite\商业计划书汇报 daemonChild=no dev=no argv=[--project D:/dev/GitHub/project/pro_pptwrite/商业计划书汇报 --filename 商业计划书.pptx]
[2026-08-16 13:07:09.570] [INFO ] [pid=13720] [start] spawning daemon projectDir=D:\dev\GitHub\project\pro_pptwrite\商业计划书汇报 filename=商业计划书.pptx
[2026-08-16 13:07:09.578] [INFO ] [pid=13720] [start] daemon spawned childPid=5100; waiting started ipc
=== boot pid=5100 ts=2026-08-16 13:07:11.086 cwd=D:\dev\GitHub\project\pro_pptwrite\商业计划书汇报 argv=C:\Users\Administrator\.workbuddy\binaries\node\versions\22.22.2\node_modules\@tencent\slidep\dist\slidep-start.js --project D:/dev/GitHub/project/pro_pptwrite/商业计划书汇报 --filename 商业计划书.pptx --__daemon-child ===
[2026-08-16 13:07:11.085] [INFO ] [pid=5100] [start] invoked pid=5100 cwd=D:\dev\GitHub\project\pro_pptwrite\商业计划书汇报 daemonChild=yes dev=no argv=[--project D:/dev/GitHub/project/pro_pptwrite/商业计划书汇报 --filename 商业计划书.pptx --__daemon-child]
[2026-08-16 13:07:11.087] [INFO ] [pid=5100] [start] daemon child runWorker ppid=13720
[2026-08-16 13:07:11.087] [INFO ] [pid=5100] [worker] start projectDir=D:\dev\GitHub\project\pro_pptwrite\商业计划书汇报 filename=商业计划书.pptx version=5.4.4
[2026-08-16 13:07:11.088] [INFO ] [pid=5100] [worker] init ok dirs=ready
[2026-08-16 13:07:11.088] [INFO ] [pid=5100] [server-url] env TENCENT_DOCS_LOCAL_MCP = http://127.0.0.1:39099/mcp
[2026-08-16 13:07:11.088] [INFO ] [pid=5100] [worker] openFile start
[2026-08-16 13:07:11.089] [INFO ] [pid=5100] [open-file] copy blank.pptx start src=C:\Users\Administrator\.workbuddy\binaries\node\versions\22.22.2\node_modules\@tencent\slidep\dist\resources\pptx\blank.pptx dest=D:\dev\GitHub\project\pro_pptwrite\商业计划书汇报\商业计划书.pptx
[2026-08-16 13:07:11.092] [INFO ] [pid=5100] [open-file] copy blank.pptx ok dest=D:\dev\GitHub\project\pro_pptwrite\商业计划书汇报\商业计划书.pptx ms=2
[2026-08-16 13:07:11.125] [ERROR] [pid=5100] [http] editorStatus http 404 url=http://127.0.0.1:39099/api/editor/status body={"code":-1,"message":"no editor open for file_path=D:\\dev\\GitHub\\project\\pro_pptwrite\\商业计划书汇报\\商业计划书.pptx"} ms=32
[2026-08-16 13:07:11.126] [INFO ] [pid=5100] [open-file] open send url=http://127.0.0.1:39099/localapi/open filePath=D:\dev\GitHub\project\pro_pptwrite\商业计划书汇报\商业计划书.pptx
[2026-08-16 13:07:11.140] [INFO ] [pid=5100] [open-file] open ok fileId=3027515C fileType=slide filePath=D:\dev\GitHub\project\pro_pptwrite\商业计划书汇报\商业计划书.pptx ms=14
[2026-08-16 13:07:11.140] [INFO ] [pid=5100] [worker] openFile ok fileId=3027515C filePath=D:\dev\GitHub\project\pro_pptwrite\商业计划书汇报\商业计划书.pptx
[2026-08-16 13:07:11.141] [INFO ] [pid=5100] [worker] previewUrl=http://127.0.0.1:39099/static/slide/pc.html?local_edit=1&client=sdk_local&localFilePath=D%3A%5Cdev%5CGitHub%5Cproject%5Cpro_pptwrite%5C%E5%95%86%E4%B8%9A%E8%AE%A1%E5%88%92%E4%B9%A6%E6%B1%87%E6%8A%A5%5C%E5%95%86%E4%B8%9A%E8%AE%A1%E5%88%92%E4%B9%A6.pptx
[2026-08-16 13:07:11.141] [INFO ] [pid=5100] [state] state.json not found, creating path=D:\dev\GitHub\project\pro_pptwrite\商业计划书汇报\.slidep\state.json filePath=D:\dev\GitHub\project\pro_pptwrite\商业计划书汇报\商业计划书.pptx
[2026-08-16 13:07:11.143] [INFO ] [pid=5100] [worker] commitEndpoint=http://127.0.0.1:39099/localapi/commitrevision
[2026-08-16 13:07:11.147] [INFO ] [pid=5100] [mcp] mcp:slide_get_info send url=http://127.0.0.1:39099/mcp args={"file_id":"3027515C-8470-448E-82A8-857FFEF3E538"}
[2026-08-16 13:07:11.150] [INFO ] [pid=5100] [mcp] mcp:slide_get_info ok ms=3
[2026-08-16 13:07:11.151] [INFO ] [pid=5100] [purge] purge start backendSlideCount=0
[2026-08-16 13:07:11.151] [INFO ] [pid=5100] [purge] purge ok removed=0 ms=8
[2026-08-16 13:07:11.151] [INFO ] [pid=5100] [worker] initial sync submitted pages=0
[2026-08-16 13:07:11.152] [INFO ] [pid=5100] [sync] submit nextRound=1 dirty=<none> pendingDirtySize=0 merged=no
[2026-08-16 13:07:11.152] [INFO ] [pid=5100] [sync] drain start round=1 pendingDirtySize=0
[2026-08-16 13:07:11.152] [INFO ] [pid=5100] [sync] aligned round=1 attempt=1 size=0 desired=0 pendingDirtySize=0
[2026-08-16 13:07:11.154] [INFO ] [pid=5100] [worker] ready fileId=3027515C backendUrl=http://127.0.0.1:39099 initialPages=0 ms=67
[2026-08-16 13:07:11.155] [INFO ] [pid=5100] [sync] reconcile ok round=1 attempt=1 ms=3
[2026-08-16 13:07:11.155] [INFO ] [pid=5100] [sync] drain end round=1 reconciles=1 mergedSubmits=1 pendingDirtySize=0 ms=3
[2026-08-16 13:07:11.151] [INFO ] [pid=13720] [start] daemon started childPid=5100 ms=1581
[2026-08-16 13:07:11.158] [INFO ] [pid=5100] [watcher] ready dir=D:\dev\GitHub\project\pro_pptwrite\商业计划书汇报\slides
[2026-08-16 13:07:25.520] [INFO ] [pid=5100] [watcher] event=add file=slides\01_cover.slide
[2026-08-16 13:07:26.020] [INFO ] [pid=5100] [watcher] flush batch dirty=[01_cover] size=1
[2026-08-16 13:07:26.021] [INFO ] [pid=5100] [sync] submit nextRound=2 dirty=01_cover pendingDirtySize=1 merged=no
[2026-08-16 13:07:26.021] [INFO ] [pid=5100] [sync] drain start round=2 pendingDirtySize=1
[2026-08-16 13:07:26.021] [INFO ] [pid=5100] [sync] step=add round=2 attempt=1 pageId=01_cover index=0
[2026-08-16 13:07:26.022] [INFO ] [pid=5100] [backend-ops] addSlideAt start pageId=01_cover index=0
[2026-08-16 13:07:26.022] [INFO ] [pid=5100] [render] start pageId=01_cover file=D:\dev\GitHub\project\pro_pptwrite\商业计划书汇报\slides\01_cover.slide
[2026-08-16 13:07:27.510] [INFO ] [pid=5100] [render] ok pageId=01_cover slides=1 ms=1488
[2026-08-16 13:07:27.510] [INFO ] [pid=5100] [render] renderSlideData result.resources={
  images: {
    'rel:014s7qs3': {
      id: 'rel:014s7qs3',
      src: 'D:\\dev\\GitHub\\project\\pro_pptwrite\\商业计划书汇报\\.cache\\media\\images\\bdc7b1f0c2ef803900dd8074d3c8bd0d.svg'
    }
  },
  videos: {},
  audios: {},
  fonts: {}
}
[2026-08-16 13:07:27.533] [INFO ] [pid=5100] [commit] commit send pageId=3825b9 targetIndex=0 version=1 baseVersion=0 revisionBytes=13396
[2026-08-16 13:07:27.541] [INFO ] [pid=5100] [commit] commit ok pageId=3825b9 revisionId=c0e0fe1c ms=7
[2026-08-16 13:07:27.543] [INFO ] [pid=5100] [backend-ops] addSlideAt ok pageId=01_cover slideId=3825b9 index=0 version=1 baseVersion=0 revisionId=c0e0fe1c code=0 images=[local=1 remote=0 cached=0 failed=0] ms=1521
[2026-08-16 13:07:27.544] [INFO ] [pid=5100] [sync] aligned round=2 attempt=1 size=1 desired=1 pendingDirtySize=0
[2026-08-16 13:07:27.545] [INFO ] [pid=5100] [sync] reconcile ok round=2 attempt=1 ms=1524
[2026-08-16 13:07:27.545] [INFO ] [pid=5100] [backend-ops] save start file=D:\dev\GitHub\project\pro_pptwrite\商业计划书汇报\商业计划书.pptx
[2026-08-16 13:07:27.546] [INFO ] [pid=5100] [commit] save send filePath=D:\dev\GitHub\project\pro_pptwrite\商业计划书汇报\商业计划书.pptx
[2026-08-16 13:07:27.575] [INFO ] [pid=5100] [commit] save ok file_path=D:\dev\GitHub\project\pro_pptwrite\商业计划书汇报\商业计划书.pptx ms=29
[2026-08-16 13:07:27.575] [INFO ] [pid=5100] [backend-ops] save ok file_path=D:\dev\GitHub\project\pro_pptwrite\商业计划书汇报\商业计划书.pptx ms=30
[2026-08-16 13:07:27.576] [INFO ] [pid=5100] [sync] drain end round=2 reconciles=1 mergedSubmits=1 pendingDirtySize=0 ms=1555
[2026-08-16 13:08:01.650] [INFO ] [pid=5100] [watcher] event=add file=slides\02_catalog.slide
[2026-08-16 13:08:02.151] [INFO ] [pid=5100] [watcher] flush batch dirty=[02_catalog] size=1
[2026-08-16 13:08:02.152] [INFO ] [pid=5100] [sync] submit nextRound=3 dirty=02_catalog pendingDirtySize=1 merged=no
[2026-08-16 13:08:02.152] [INFO ] [pid=5100] [sync] drain start round=3 pendingDirtySize=1
[2026-08-16 13:08:02.153] [INFO ] [pid=5100] [sync] step=add round=3 attempt=1 pageId=02_catalog index=1
[2026-08-16 13:08:02.153] [INFO ] [pid=5100] [backend-ops] addSlideAt start pageId=02_catalog index=1
[2026-08-16 13:08:02.153] [INFO ] [pid=5100] [render] start pageId=02_catalog file=D:\dev\GitHub\project\pro_pptwrite\商业计划书汇报\slides\02_catalog.slide
[2026-08-16 13:08:02.339] [INFO ] [pid=5100] [render] ok pageId=02_catalog slides=1 ms=186
[2026-08-16 13:08:02.339] [INFO ] [pid=5100] [render] renderSlideData result.resources={ images: {}, videos: {}, audios: {}, fonts: {} }
[2026-08-16 13:08:02.348] [INFO ] [pid=5100] [commit] commit send pageId=4dacf1 targetIndex=1 version=2 baseVersion=1 revisionBytes=40476
[2026-08-16 13:08:02.358] [INFO ] [pid=5100] [commit] commit ok pageId=4dacf1 revisionId=480349b0 ms=9
[2026-08-16 13:08:02.359] [INFO ] [pid=5100] [backend-ops] addSlideAt ok pageId=02_catalog slideId=4dacf1 index=1 version=2 baseVersion=1 revisionId=480349b0 code=0 images=[local=0 remote=0 cached=0 failed=0] ms=206
[2026-08-16 13:08:02.360] [INFO ] [pid=5100] [sync] aligned round=3 attempt=1 size=2 desired=2 pendingDirtySize=0
[2026-08-16 13:08:02.360] [INFO ] [pid=5100] [sync] reconcile ok round=3 attempt=1 ms=208
[2026-08-16 13:08:02.361] [INFO ] [pid=5100] [backend-ops] save start file=D:\dev\GitHub\project\pro_pptwrite\商业计划书汇报\商业计划书.pptx
[2026-08-16 13:08:02.361] [INFO ] [pid=5100] [commit] save send filePath=D:\dev\GitHub\project\pro_pptwrite\商业计划书汇报\商业计划书.pptx
[2026-08-16 13:08:02.386] [INFO ] [pid=5100] [commit] save ok file_path=D:\dev\GitHub\project\pro_pptwrite\商业计划书汇报\商业计划书.pptx ms=25
[2026-08-16 13:08:02.387] [INFO ] [pid=5100] [backend-ops] save ok file_path=D:\dev\GitHub\project\pro_pptwrite\商业计划书汇报\商业计划书.pptx ms=26
[2026-08-16 13:08:02.387] [INFO ] [pid=5100] [sync] drain end round=3 reconciles=1 mergedSubmits=1 pendingDirtySize=0 ms=235
[2026-08-16 13:08:12.967] [INFO ] [pid=5100] [watcher] event=add file=slides\03_sec01.slide
[2026-08-16 13:08:13.484] [INFO ] [pid=5100] [watcher] flush batch dirty=[03_sec01] size=1
[2026-08-16 13:08:13.485] [INFO ] [pid=5100] [sync] submit nextRound=4 dirty=03_sec01 pendingDirtySize=1 merged=no
[2026-08-16 13:08:13.485] [INFO ] [pid=5100] [sync] drain start round=4 pendingDirtySize=1
[2026-08-16 13:08:13.486] [INFO ] [pid=5100] [sync] step=add round=4 attempt=1 pageId=03_sec01 index=2
[2026-08-16 13:08:13.486] [INFO ] [pid=5100] [backend-ops] addSlideAt start pageId=03_sec01 index=2
[2026-08-16 13:08:13.487] [INFO ] [pid=5100] [render] start pageId=03_sec01 file=D:\dev\GitHub\project\pro_pptwrite\商业计划书汇报\slides\03_sec01.slide
[2026-08-16 13:08:13.520] [INFO ] [pid=5100] [render] ok pageId=03_sec01 slides=1 ms=32
[2026-08-16 13:08:13.521] [INFO ] [pid=5100] [render] renderSlideData result.resources={
  images: {
    'rel:00a3di1e': {
      id: 'rel:00a3di1e',
      src: 'D:\\dev\\GitHub\\project\\pro_pptwrite\\商业计划书汇报\\.cache\\media\\images\\c59b3a6438c5f7e99e91d5e3714d3493.svg'
    }
  },
  videos: {},
  audios: {},
  fonts: {}
}
[2026-08-16 13:08:13.531] [INFO ] [pid=5100] [commit] commit send pageId=d7976c targetIndex=2 version=3 baseVersion=2 revisionBytes=7596
[2026-08-16 13:08:13.537] [INFO ] [pid=5100] [commit] commit ok pageId=d7976c revisionId=ae6878c7 ms=6
[2026-08-16 13:08:13.540] [INFO ] [pid=5100] [backend-ops] addSlideAt ok pageId=03_sec01 slideId=d7976c index=2 version=3 baseVersion=2 revisionId=ae6878c7 code=0 images=[local=1 remote=0 cached=0 failed=0] ms=54
[2026-08-16 13:08:13.541] [INFO ] [pid=5100] [sync] aligned round=4 attempt=1 size=3 desired=3 pendingDirtySize=0
[2026-08-16 13:08:13.541] [INFO ] [pid=5100] [sync] reconcile ok round=4 attempt=1 ms=55
[2026-08-16 13:08:13.541] [INFO ] [pid=5100] [backend-ops] save start file=D:\dev\GitHub\project\pro_pptwrite\商业计划书汇报\商业计划书.pptx
[2026-08-16 13:08:13.541] [INFO ] [pid=5100] [commit] save send filePath=D:\dev\GitHub\project\pro_pptwrite\商业计划书汇报\商业计划书.pptx
[2026-08-16 13:08:13.571] [INFO ] [pid=5100] [commit] save ok file_path=D:\dev\GitHub\project\pro_pptwrite\商业计划书汇报\商业计划书.pptx ms=29
[2026-08-16 13:08:13.572] [INFO ] [pid=5100] [backend-ops] save ok file_path=D:\dev\GitHub\project\pro_pptwrite\商业计划书汇报\商业计划书.pptx ms=31
[2026-08-16 13:08:13.572] [INFO ] [pid=5100] [sync] drain end round=4 reconciles=1 mergedSubmits=1 pendingDirtySize=0 ms=87
[2026-08-16 13:08:22.316] [INFO ] [pid=5100] [watcher] event=add file=slides\04_summary_core.slide
[2026-08-16 13:08:22.817] [INFO ] [pid=5100] [watcher] flush batch dirty=[04_summary_core] size=1
[2026-08-16 13:08:22.818] [INFO ] [pid=5100] [sync] submit nextRound=5 dirty=04_summary_core pendingDirtySize=1 merged=no
[2026-08-16 13:08:22.818] [INFO ] [pid=5100] [sync] drain start round=5 pendingDirtySize=1
[2026-08-16 13:08:22.818] [INFO ] [pid=5100] [sync] step=add round=5 attempt=1 pageId=04_summary_core index=3
[2026-08-16 13:08:22.818] [INFO ] [pid=5100] [backend-ops] addSlideAt start pageId=04_summary_core index=3
[2026-08-16 13:08:22.819] [INFO ] [pid=5100] [render] start pageId=04_summary_core file=D:\dev\GitHub\project\pro_pptwrite\商业计划书汇报\slides\04_summary_core.slide
[2026-08-16 13:08:22.897] [INFO ] [pid=5100] [render] ok pageId=04_summary_core slides=1 ms=78
[2026-08-16 13:08:22.898] [INFO ] [pid=5100] [render] renderSlideData result.resources={ images: {}, videos: {}, audios: {}, fonts: {} }
[2026-08-16 13:08:22.903] [INFO ] [pid=5100] [commit] commit send pageId=68b23e targetIndex=3 version=4 baseVersion=3 revisionBytes=21924
[2026-08-16 13:08:22.911] [INFO ] [pid=5100] [commit] commit ok pageId=68b23e revisionId=05e6fd92 ms=6
[2026-08-16 13:08:22.912] [INFO ] [pid=5100] [backend-ops] addSlideAt ok pageId=04_summary_core slideId=68b23e index=3 version=4 baseVersion=3 revisionId=05e6fd92 code=0 images=[local=0 remote=0 cached=0 failed=0] ms=94
[2026-08-16 13:08:22.913] [INFO ] [pid=5100] [sync] aligned round=5 attempt=1 size=4 desired=4 pendingDirtySize=0
[2026-08-16 13:08:22.913] [INFO ] [pid=5100] [sync] reconcile ok round=5 attempt=1 ms=95
[2026-08-16 13:08:22.914] [INFO ] [pid=5100] [backend-ops] save start file=D:\dev\GitHub\project\pro_pptwrite\商业计划书汇报\商业计划书.pptx
[2026-08-16 13:08:22.914] [INFO ] [pid=5100] [commit] save send filePath=D:\dev\GitHub\project\pro_pptwrite\商业计划书汇报\商业计划书.pptx
[2026-08-16 13:08:22.946] [INFO ] [pid=5100] [commit] save ok file_path=D:\dev\GitHub\project\pro_pptwrite\商业计划书汇报\商业计划书.pptx ms=31
[2026-08-16 13:08:22.947] [INFO ] [pid=5100] [backend-ops] save ok file_path=D:\dev\GitHub\project\pro_pptwrite\商业计划书汇报\商业计划书.pptx ms=33
[2026-08-16 13:08:22.947] [INFO ] [pid=5100] [sync] drain end round=5 reconciles=1 mergedSubmits=1 pendingDirtySize=0 ms=129
[2026-08-16 13:08:32.450] [INFO ] [pid=5100] [watcher] event=add file=slides\05_summary_value.slide
[2026-08-16 13:08:32.951] [INFO ] [pid=5100] [watcher] flush batch dirty=[05_summary_value] size=1
[2026-08-16 13:08:32.951] [INFO ] [pid=5100] [sync] submit nextRound=6 dirty=05_summary_value pendingDirtySize=1 merged=no
[2026-08-16 13:08:32.951] [INFO ] [pid=5100] [sync] drain start round=6 pendingDirtySize=1
[2026-08-16 13:08:32.951] [INFO ] [pid=5100] [sync] step=add round=6 attempt=1 pageId=05_summary_value index=4
[2026-08-16 13:08:32.952] [INFO ] [pid=5100] [backend-ops] addSlideAt start pageId=05_summary_value index=4
[2026-08-16 13:08:32.952] [INFO ] [pid=5100] [render] start pageId=05_summary_value file=D:\dev\GitHub\project\pro_pptwrite\商业计划书汇报\slides\05_summary_value.slide
[2026-08-16 13:08:33.000] [INFO ] [pid=5100] [render] ok pageId=05_summary_value slides=1 ms=48
[2026-08-16 13:08:33.000] [INFO ] [pid=5100] [render] renderSlideData result.resources={ images: {}, videos: {}, audios: {}, fonts: {} }
[2026-08-16 13:08:33.006] [INFO ] [pid=5100] [commit] commit send pageId=fce0a7 targetIndex=4 version=5 baseVersion=4 revisionBytes=18824
[2026-08-16 13:08:33.011] [INFO ] [pid=5100] [commit] commit ok pageId=fce0a7 revisionId=fc6a97b5 ms=5
[2026-08-16 13:08:33.013] [INFO ] [pid=5100] [backend-ops] addSlideAt ok pageId=05_summary_value slideId=fce0a7 index=4 version=5 baseVersion=4 revisionId=fc6a97b5 code=0 images=[local=0 remote=0 cached=0 failed=0] ms=61
[2026-08-16 13:08:33.014] [INFO ] [pid=5100] [sync] aligned round=6 attempt=1 size=5 desired=5 pendingDirtySize=0
[2026-08-16 13:08:33.014] [INFO ] [pid=5100] [sync] reconcile ok round=6 attempt=1 ms=63
[2026-08-16 13:08:33.015] [INFO ] [pid=5100] [backend-ops] save start file=D:\dev\GitHub\project\pro_pptwrite\商业计划书汇报\商业计划书.pptx
[2026-08-16 13:08:33.015] [INFO ] [pid=5100] [commit] save send filePath=D:\dev\GitHub\project\pro_pptwrite\商业计划书汇报\商业计划书.pptx
[2026-08-16 13:08:33.048] [INFO ] [pid=5100] [commit] save ok file_path=D:\dev\GitHub\project\pro_pptwrite\商业计划书汇报\商业计划书.pptx ms=33
[2026-08-16 13:08:33.048] [INFO ] [pid=5100] [backend-ops] save ok file_path=D:\dev\GitHub\project\pro_pptwrite\商业计划书汇报\商业计划书.pptx ms=33
[2026-08-16 13:08:33.048] [INFO ] [pid=5100] [sync] drain end round=6 reconciles=1 mergedSubmits=1 pendingDirtySize=0 ms=97
=== boot pid=14540 ts=2026-08-16 13:08:59.648 cwd=D:\dev\GitHub\project\pro_pptwrite\商业计划书汇报 argv=C:\Users\Administrator\.workbuddy\binaries\node\versions\22.22.2\node_modules\@tencent\slidep\dist\slidep-validate.js --all --project D:/dev/GitHub/project/pro_pptwrite/商业计划书汇报 ===
[2026-08-16 13:08:59.647] [INFO ] [pid=14540] [validate] --all mode: found 5 files in D:\dev\GitHub\project\pro_pptwrite\商业计划书汇报\slides
[2026-08-16 13:08:59.648] [INFO ] [pid=14540] [validate] batch start files=5 checkOverflow=true
[2026-08-16 13:09:00.491] [INFO ] [pid=14540] [validate] batch done total=5 passed=5 failed=0 ms=845
[2026-08-16 13:09:09.422] [INFO ] [pid=5100] [watcher] event=add file=slides\06_sec02.slide
[2026-08-16 13:09:09.933] [INFO ] [pid=5100] [watcher] flush batch dirty=[06_sec02] size=1
[2026-08-16 13:09:09.933] [INFO ] [pid=5100] [sync] submit nextRound=7 dirty=06_sec02 pendingDirtySize=1 merged=no
[2026-08-16 13:09:09.933] [INFO ] [pid=5100] [sync] drain start round=7 pendingDirtySize=1
[2026-08-16 13:09:09.934] [INFO ] [pid=5100] [sync] step=add round=7 attempt=1 pageId=06_sec02 index=5
[2026-08-16 13:09:09.934] [INFO ] [pid=5100] [backend-ops] addSlideAt start pageId=06_sec02 index=5
[2026-08-16 13:09:09.934] [INFO ] [pid=5100] [render] start pageId=06_sec02 file=D:\dev\GitHub\project\pro_pptwrite\商业计划书汇报\slides\06_sec02.slide
[2026-08-16 13:09:09.950] [INFO ] [pid=5100] [render] ok pageId=06_sec02 slides=1 ms=16
[2026-08-16 13:09:09.950] [INFO ] [pid=5100] [render] renderSlideData result.resources={
  images: {
    'rel:00a3di1e': {
      id: 'rel:00a3di1e',
      src: 'D:\\dev\\GitHub\\project\\pro_pptwrite\\商业计划书汇报\\.cache\\media\\images\\c59b3a6438c5f7e99e91d5e3714d3493.svg'
    }
  },
  videos: {},
  audios: {},
  fonts: {}
}
[2026-08-16 13:09:09.954] [INFO ] [pid=5100] [commit] commit send pageId=9dfab4 targetIndex=5 version=6 baseVersion=5 revisionBytes=7592
[2026-08-16 13:09:09.960] [INFO ] [pid=5100] [commit] commit ok pageId=9dfab4 revisionId=1deb4c19 ms=5
[2026-08-16 13:09:09.961] [INFO ] [pid=5100] [backend-ops] addSlideAt ok pageId=06_sec02 slideId=9dfab4 index=5 version=6 baseVersion=5 revisionId=1deb4c19 code=0 images=[local=1 remote=0 cached=0 failed=0] ms=27
[2026-08-16 13:09:09.962] [INFO ] [pid=5100] [sync] aligned round=7 attempt=1 size=6 desired=6 pendingDirtySize=0
[2026-08-16 13:09:09.962] [INFO ] [pid=5100] [sync] reconcile ok round=7 attempt=1 ms=28
[2026-08-16 13:09:09.962] [INFO ] [pid=5100] [backend-ops] save start file=D:\dev\GitHub\project\pro_pptwrite\商业计划书汇报\商业计划书.pptx
[2026-08-16 13:09:09.963] [INFO ] [pid=5100] [commit] save send filePath=D:\dev\GitHub\project\pro_pptwrite\商业计划书汇报\商业计划书.pptx
[2026-08-16 13:09:09.996] [INFO ] [pid=5100] [commit] save ok file_path=D:\dev\GitHub\project\pro_pptwrite\商业计划书汇报\商业计划书.pptx ms=32
[2026-08-16 13:09:09.996] [INFO ] [pid=5100] [backend-ops] save ok file_path=D:\dev\GitHub\project\pro_pptwrite\商业计划书汇报\商业计划书.pptx ms=34
[2026-08-16 13:09:09.996] [INFO ] [pid=5100] [sync] drain end round=7 reconciles=1 mergedSubmits=1 pendingDirtySize=0 ms=63
[2026-08-16 13:09:27.622] [INFO ] [pid=5100] [watcher] event=add file=slides\07_origin.slide
[2026-08-16 13:09:28.124] [INFO ] [pid=5100] [watcher] flush batch dirty=[07_origin] size=1
[2026-08-16 13:09:28.125] [INFO ] [pid=5100] [sync] submit nextRound=8 dirty=07_origin pendingDirtySize=1 merged=no
[2026-08-16 13:09:28.125] [INFO ] [pid=5100] [sync] drain start round=8 pendingDirtySize=1
[2026-08-16 13:09:28.125] [INFO ] [pid=5100] [sync] step=add round=8 attempt=1 pageId=07_origin index=6
[2026-08-16 13:09:28.125] [INFO ] [pid=5100] [backend-ops] addSlideAt start pageId=07_origin index=6
[2026-08-16 13:09:28.126] [INFO ] [pid=5100] [render] start pageId=07_origin file=D:\dev\GitHub\project\pro_pptwrite\商业计划书汇报\slides\07_origin.slide
[2026-08-16 13:09:28.207] [INFO ] [pid=5100] [render] ok pageId=07_origin slides=1 ms=81
[2026-08-16 13:09:28.208] [INFO ] [pid=5100] [render] renderSlideData result.resources={ images: {}, videos: {}, audios: {}, fonts: {} }
[2026-08-16 13:09:28.213] [INFO ] [pid=5100] [commit] commit send pageId=fdc4f2 targetIndex=6 version=7 baseVersion=6 revisionBytes=24724
[2026-08-16 13:09:28.219] [INFO ] [pid=5100] [commit] commit ok pageId=fdc4f2 revisionId=45c68f10 ms=6
[2026-08-16 13:09:28.220] [INFO ] [pid=5100] [backend-ops] addSlideAt ok pageId=07_origin slideId=fdc4f2 index=6 version=7 baseVersion=6 revisionId=45c68f10 code=0 images=[local=0 remote=0 cached=0 failed=0] ms=95
[2026-08-16 13:09:28.221] [INFO ] [pid=5100] [sync] aligned round=8 attempt=1 size=7 desired=7 pendingDirtySize=0
[2026-08-16 13:09:28.221] [INFO ] [pid=5100] [sync] reconcile ok round=8 attempt=1 ms=96
[2026-08-16 13:09:28.221] [INFO ] [pid=5100] [backend-ops] save start file=D:\dev\GitHub\project\pro_pptwrite\商业计划书汇报\商业计划书.pptx
[2026-08-16 13:09:28.221] [INFO ] [pid=5100] [commit] save send filePath=D:\dev\GitHub\project\pro_pptwrite\商业计划书汇报\商业计划书.pptx
[2026-08-16 13:09:28.258] [INFO ] [pid=5100] [commit] save ok file_path=D:\dev\GitHub\project\pro_pptwrite\商业计划书汇报\商业计划书.pptx ms=35
[2026-08-16 13:09:28.258] [INFO ] [pid=5100] [backend-ops] save ok file_path=D:\dev\GitHub\project\pro_pptwrite\商业计划书汇报\商业计划书.pptx ms=37
[2026-08-16 13:09:28.258] [INFO ] [pid=5100] [sync] drain end round=8 reconciles=1 mergedSubmits=1 pendingDirtySize=0 ms=133
[2026-08-16 13:09:34.931] [INFO ] [pid=5100] [watcher] event=add file=slides\08_sec03.slide
[2026-08-16 13:09:35.438] [INFO ] [pid=5100] [watcher] flush batch dirty=[08_sec03] size=1
[2026-08-16 13:09:35.439] [INFO ] [pid=5100] [sync] submit nextRound=9 dirty=08_sec03 pendingDirtySize=1 merged=no
[2026-08-16 13:09:35.439] [INFO ] [pid=5100] [sync] drain start round=9 pendingDirtySize=1
[2026-08-16 13:09:35.439] [INFO ] [pid=5100] [sync] step=add round=9 attempt=1 pageId=08_sec03 index=7
[2026-08-16 13:09:35.439] [INFO ] [pid=5100] [backend-ops] addSlideAt start pageId=08_sec03 index=7
[2026-08-16 13:09:35.440] [INFO ] [pid=5100] [render] start pageId=08_sec03 file=D:\dev\GitHub\project\pro_pptwrite\商业计划书汇报\slides\08_sec03.slide
[2026-08-16 13:09:35.453] [INFO ] [pid=5100] [render] ok pageId=08_sec03 slides=1 ms=13
[2026-08-16 13:09:35.454] [INFO ] [pid=5100] [render] renderSlideData result.resources={
  images: {
    'rel:00a3di1e': {
      id: 'rel:00a3di1e',
      src: 'D:\\dev\\GitHub\\project\\pro_pptwrite\\商业计划书汇报\\.cache\\media\\images\\c59b3a6438c5f7e99e91d5e3714d3493.svg'
    }
  },
  videos: {},
  audios: {},
  fonts: {}
}
[2026-08-16 13:09:35.460] [INFO ] [pid=5100] [commit] commit send pageId=4e5eba targetIndex=7 version=8 baseVersion=7 revisionBytes=7536
[2026-08-16 13:09:35.465] [INFO ] [pid=5100] [commit] commit ok pageId=4e5eba revisionId=7b1a0183 ms=5
[2026-08-16 13:09:35.466] [INFO ] [pid=5100] [backend-ops] addSlideAt ok pageId=08_sec03 slideId=4e5eba index=7 version=8 baseVersion=7 revisionId=7b1a0183 code=0 images=[local=1 remote=0 cached=0 failed=0] ms=27
[2026-08-16 13:09:35.467] [INFO ] [pid=5100] [sync] aligned round=9 attempt=1 size=8 desired=8 pendingDirtySize=0
[2026-08-16 13:09:35.467] [INFO ] [pid=5100] [sync] reconcile ok round=9 attempt=1 ms=28
[2026-08-16 13:09:35.468] [INFO ] [pid=5100] [backend-ops] save start file=D:\dev\GitHub\project\pro_pptwrite\商业计划书汇报\商业计划书.pptx
[2026-08-16 13:09:35.468] [INFO ] [pid=5100] [commit] save send filePath=D:\dev\GitHub\project\pro_pptwrite\商业计划书汇报\商业计划书.pptx
[2026-08-16 13:09:35.514] [INFO ] [pid=5100] [commit] save ok file_path=D:\dev\GitHub\project\pro_pptwrite\商业计划书汇报\商业计划书.pptx ms=45
[2026-08-16 13:09:35.514] [INFO ] [pid=5100] [backend-ops] save ok file_path=D:\dev\GitHub\project\pro_pptwrite\商业计划书汇报\商业计划书.pptx ms=46
[2026-08-16 13:09:35.515] [INFO ] [pid=5100] [sync] drain end round=9 reconciles=1 mergedSubmits=1 pendingDirtySize=0 ms=76
=== boot pid=18148 ts=2026-08-16 13:09:42.958 cwd=D:\dev\GitHub\project\pro_pptwrite\商业计划书汇报 argv=C:\Users\Administrator\.workbuddy\binaries\node\versions\22.22.2\node_modules\@tencent\slidep\dist\slidep-validate.js --all --project D:/dev/GitHub/project/pro_pptwrite/商业计划书汇报 ===
[2026-08-16 13:09:42.957] [INFO ] [pid=18148] [validate] --all mode: found 8 files in D:\dev\GitHub\project\pro_pptwrite\商业计划书汇报\slides
[2026-08-16 13:09:42.959] [INFO ] [pid=18148] [validate] batch start files=8 checkOverflow=true
[2026-08-16 13:09:43.773] [INFO ] [pid=18148] [validate] batch done total=8 passed=8 failed=0 ms=817
[2026-08-16 13:09:56.555] [INFO ] [pid=5100] [watcher] event=add file=slides\09_market.slide
[2026-08-16 13:09:57.071] [INFO ] [pid=5100] [watcher] flush batch dirty=[09_market] size=1
[2026-08-16 13:09:57.072] [INFO ] [pid=5100] [sync] submit nextRound=10 dirty=09_market pendingDirtySize=1 merged=no
[2026-08-16 13:09:57.072] [INFO ] [pid=5100] [sync] drain start round=10 pendingDirtySize=1
[2026-08-16 13:09:57.072] [INFO ] [pid=5100] [sync] step=add round=10 attempt=1 pageId=09_market index=8
[2026-08-16 13:09:57.072] [INFO ] [pid=5100] [backend-ops] addSlideAt start pageId=09_market index=8
[2026-08-16 13:09:57.073] [INFO ] [pid=5100] [render] start pageId=09_market file=D:\dev\GitHub\project\pro_pptwrite\商业计划书汇报\slides\09_market.slide
[2026-08-16 13:09:57.118] [INFO ] [pid=5100] [render] ok pageId=09_market slides=1 ms=45
[2026-08-16 13:09:57.118] [INFO ] [pid=5100] [render] renderSlideData result.resources={ images: {}, videos: {}, audios: {}, fonts: {} }
[2026-08-16 13:09:57.128] [INFO ] [pid=5100] [commit] commit send pageId=518c81 targetIndex=8 version=9 baseVersion=8 revisionBytes=18416
[2026-08-16 13:09:57.135] [INFO ] [pid=5100] [commit] commit ok pageId=518c81 revisionId=f370534e ms=6
[2026-08-16 13:09:57.136] [INFO ] [pid=5100] [backend-ops] addSlideAt ok pageId=09_market slideId=518c81 index=8 version=9 baseVersion=8 revisionId=f370534e code=0 images=[local=0 remote=0 cached=0 failed=0] ms=64
[2026-08-16 13:09:57.137] [INFO ] [pid=5100] [sync] aligned round=10 attempt=1 size=9 desired=9 pendingDirtySize=0
[2026-08-16 13:09:57.137] [INFO ] [pid=5100] [sync] reconcile ok round=10 attempt=1 ms=65
[2026-08-16 13:09:57.137] [INFO ] [pid=5100] [backend-ops] save start file=D:\dev\GitHub\project\pro_pptwrite\商业计划书汇报\商业计划书.pptx
[2026-08-16 13:09:57.138] [INFO ] [pid=5100] [commit] save send filePath=D:\dev\GitHub\project\pro_pptwrite\商业计划书汇报\商业计划书.pptx
[2026-08-16 13:09:57.180] [INFO ] [pid=5100] [commit] save ok file_path=D:\dev\GitHub\project\pro_pptwrite\商业计划书汇报\商业计划书.pptx ms=42
[2026-08-16 13:09:57.180] [INFO ] [pid=5100] [backend-ops] save ok file_path=D:\dev\GitHub\project\pro_pptwrite\商业计划书汇报\商业计划书.pptx ms=43
[2026-08-16 13:09:57.181] [INFO ] [pid=5100] [sync] drain end round=10 reconciles=1 mergedSubmits=1 pendingDirtySize=0 ms=109
[2026-08-16 13:10:22.305] [INFO ] [pid=5100] [watcher] event=add file=slides\10_advantage.slide
[2026-08-16 13:10:22.805] [INFO ] [pid=5100] [watcher] flush batch dirty=[10_advantage] size=1
[2026-08-16 13:10:22.805] [INFO ] [pid=5100] [sync] submit nextRound=11 dirty=10_advantage pendingDirtySize=1 merged=no
[2026-08-16 13:10:22.805] [INFO ] [pid=5100] [sync] drain start round=11 pendingDirtySize=1
[2026-08-16 13:10:22.806] [INFO ] [pid=5100] [sync] step=add round=11 attempt=1 pageId=10_advantage index=9
[2026-08-16 13:10:22.806] [INFO ] [pid=5100] [backend-ops] addSlideAt start pageId=10_advantage index=9
[2026-08-16 13:10:22.806] [INFO ] [pid=5100] [render] start pageId=10_advantage file=D:\dev\GitHub\project\pro_pptwrite\商业计划书汇报\slides\10_advantage.slide
[2026-08-16 13:10:22.966] [INFO ] [pid=5100] [render] ok pageId=10_advantage slides=1 ms=160
[2026-08-16 13:10:22.967] [INFO ] [pid=5100] [render] renderSlideData result.resources={
  images: {
    'rel:00bszdp3': {
      id: 'rel:00bszdp3',
      src: 'D:\\dev\\GitHub\\project\\pro_pptwrite\\商业计划书汇报\\.cache\\media\\images\\8268ce7d54681faf3f7e802699ed99f4.svg'
    },
    'rel:00vxkut0': {
      id: 'rel:00vxkut0',
      src: 'D:\\dev\\GitHub\\project\\pro_pptwrite\\商业计划书汇报\\.cache\\media\\images\\a42d2da9f2ce364500f660d6d7fbe44f.svg'
    }
  },
  videos: {},
  audios: {},
  fonts: {}
}
[2026-08-16 13:10:22.972] [INFO ] [pid=5100] [commit] commit send pageId=89cba0 targetIndex=9 version=10 baseVersion=9 revisionBytes=25172
[2026-08-16 13:10:22.980] [INFO ] [pid=5100] [commit] commit ok pageId=89cba0 revisionId=4524541a ms=7
[2026-08-16 13:10:22.982] [INFO ] [pid=5100] [backend-ops] addSlideAt ok pageId=10_advantage slideId=89cba0 index=9 version=10 baseVersion=9 revisionId=4524541a code=0 images=[local=2 remote=0 cached=0 failed=0] ms=176
[2026-08-16 13:10:22.982] [INFO ] [pid=5100] [sync] aligned round=11 attempt=1 size=10 desired=10 pendingDirtySize=0
[2026-08-16 13:10:22.982] [INFO ] [pid=5100] [sync] reconcile ok round=11 attempt=1 ms=176
[2026-08-16 13:10:22.983] [INFO ] [pid=5100] [backend-ops] save start file=D:\dev\GitHub\project\pro_pptwrite\商业计划书汇报\商业计划书.pptx
[2026-08-16 13:10:22.983] [INFO ] [pid=5100] [commit] save send filePath=D:\dev\GitHub\project\pro_pptwrite\商业计划书汇报\商业计划书.pptx
[2026-08-16 13:10:23.030] [INFO ] [pid=5100] [commit] save ok file_path=D:\dev\GitHub\project\pro_pptwrite\商业计划书汇报\商业计划书.pptx ms=47
[2026-08-16 13:10:23.030] [INFO ] [pid=5100] [backend-ops] save ok file_path=D:\dev\GitHub\project\pro_pptwrite\商业计划书汇报\商业计划书.pptx ms=47
[2026-08-16 13:10:23.030] [INFO ] [pid=5100] [sync] drain end round=11 reconciles=1 mergedSubmits=1 pendingDirtySize=0 ms=225
[2026-08-16 13:10:29.587] [INFO ] [pid=5100] [watcher] event=add file=slides\11_sec04.slide
[2026-08-16 13:10:30.097] [INFO ] [pid=5100] [watcher] flush batch dirty=[11_sec04] size=1
[2026-08-16 13:10:30.098] [INFO ] [pid=5100] [sync] submit nextRound=12 dirty=11_sec04 pendingDirtySize=1 merged=no
[2026-08-16 13:10:30.098] [INFO ] [pid=5100] [sync] drain start round=12 pendingDirtySize=1
[2026-08-16 13:10:30.099] [INFO ] [pid=5100] [sync] step=add round=12 attempt=1 pageId=11_sec04 index=10
[2026-08-16 13:10:30.099] [INFO ] [pid=5100] [backend-ops] addSlideAt start pageId=11_sec04 index=10
[2026-08-16 13:10:30.099] [INFO ] [pid=5100] [render] start pageId=11_sec04 file=D:\dev\GitHub\project\pro_pptwrite\商业计划书汇报\slides\11_sec04.slide
[2026-08-16 13:10:30.116] [INFO ] [pid=5100] [render] ok pageId=11_sec04 slides=1 ms=17
[2026-08-16 13:10:30.117] [INFO ] [pid=5100] [render] renderSlideData result.resources={
  images: {
    'rel:00a3di1e': {
      id: 'rel:00a3di1e',
      src: 'D:\\dev\\GitHub\\project\\pro_pptwrite\\商业计划书汇报\\.cache\\media\\images\\c59b3a6438c5f7e99e91d5e3714d3493.svg'
    }
  },
  videos: {},
  audios: {},
  fonts: {}
}
[2026-08-16 13:10:30.121] [INFO ] [pid=5100] [commit] commit send pageId=3b6b5a targetIndex=10 version=11 baseVersion=10 revisionBytes=7560
[2026-08-16 13:10:30.127] [INFO ] [pid=5100] [commit] commit ok pageId=3b6b5a revisionId=5a1bcc09 ms=5
[2026-08-16 13:10:30.128] [INFO ] [pid=5100] [backend-ops] addSlideAt ok pageId=11_sec04 slideId=3b6b5a index=10 version=11 baseVersion=10 revisionId=5a1bcc09 code=0 images=[local=1 remote=0 cached=0 failed=0] ms=29
[2026-08-16 13:10:30.129] [INFO ] [pid=5100] [sync] aligned round=12 attempt=1 size=11 desired=11 pendingDirtySize=0
[2026-08-16 13:10:30.129] [INFO ] [pid=5100] [sync] reconcile ok round=12 attempt=1 ms=30
[2026-08-16 13:10:30.129] [INFO ] [pid=5100] [backend-ops] save start file=D:\dev\GitHub\project\pro_pptwrite\商业计划书汇报\商业计划书.pptx
[2026-08-16 13:10:30.130] [INFO ] [pid=5100] [commit] save send filePath=D:\dev\GitHub\project\pro_pptwrite\商业计划书汇报\商业计划书.pptx
[2026-08-16 13:10:30.177] [INFO ] [pid=5100] [commit] save ok file_path=D:\dev\GitHub\project\pro_pptwrite\商业计划书汇报\商业计划书.pptx ms=47
[2026-08-16 13:10:30.177] [INFO ] [pid=5100] [backend-ops] save ok file_path=D:\dev\GitHub\project\pro_pptwrite\商业计划书汇报\商业计划书.pptx ms=48
[2026-08-16 13:10:30.178] [INFO ] [pid=5100] [sync] drain end round=12 reconciles=1 mergedSubmits=1 pendingDirtySize=0 ms=80
=== boot pid=10700 ts=2026-08-16 13:10:35.437 cwd=D:\dev\GitHub\project\pro_pptwrite\商业计划书汇报 argv=C:\Users\Administrator\.workbuddy\binaries\node\versions\22.22.2\node_modules\@tencent\slidep\dist\slidep-validate.js --all --project D:/dev/GitHub/project/pro_pptwrite/商业计划书汇报 ===
[2026-08-16 13:10:35.436] [INFO ] [pid=10700] [validate] --all mode: found 11 files in D:\dev\GitHub\project\pro_pptwrite\商业计划书汇报\slides
[2026-08-16 13:10:35.437] [INFO ] [pid=10700] [validate] batch start files=11 checkOverflow=true
[2026-08-16 13:10:36.527] [INFO ] [pid=10700] [validate] batch done total=11 passed=11 failed=0 ms=1092
[2026-08-16 13:10:46.240] [INFO ] [pid=5100] [watcher] event=add file=slides\12_company.slide
[2026-08-16 13:10:46.747] [INFO ] [pid=5100] [watcher] flush batch dirty=[12_company] size=1
[2026-08-16 13:10:46.748] [INFO ] [pid=5100] [sync] submit nextRound=13 dirty=12_company pendingDirtySize=1 merged=no
[2026-08-16 13:10:46.748] [INFO ] [pid=5100] [sync] drain start round=13 pendingDirtySize=1
[2026-08-16 13:10:46.749] [INFO ] [pid=5100] [sync] step=add round=13 attempt=1 pageId=12_company index=11
[2026-08-16 13:10:46.749] [INFO ] [pid=5100] [backend-ops] addSlideAt start pageId=12_company index=11
[2026-08-16 13:10:46.749] [INFO ] [pid=5100] [render] start pageId=12_company file=D:\dev\GitHub\project\pro_pptwrite\商业计划书汇报\slides\12_company.slide
[2026-08-16 13:10:46.811] [INFO ] [pid=5100] [render] ok pageId=12_company slides=1 ms=62
[2026-08-16 13:10:46.811] [INFO ] [pid=5100] [render] renderSlideData result.resources={ images: {}, videos: {}, audios: {}, fonts: {} }
[2026-08-16 13:10:46.815] [INFO ] [pid=5100] [commit] commit send pageId=ddc6a0 targetIndex=11 version=12 baseVersion=11 revisionBytes=22716
[2026-08-16 13:10:46.822] [INFO ] [pid=5100] [commit] commit ok pageId=ddc6a0 revisionId=13fc44b3 ms=7
[2026-08-16 13:10:46.824] [INFO ] [pid=5100] [backend-ops] addSlideAt ok pageId=12_company slideId=ddc6a0 index=11 version=12 baseVersion=11 revisionId=13fc44b3 code=0 images=[local=0 remote=0 cached=0 failed=0] ms=75
[2026-08-16 13:10:46.824] [INFO ] [pid=5100] [sync] aligned round=13 attempt=1 size=12 desired=12 pendingDirtySize=0
[2026-08-16 13:10:46.824] [INFO ] [pid=5100] [sync] reconcile ok round=13 attempt=1 ms=76
[2026-08-16 13:10:46.825] [INFO ] [pid=5100] [backend-ops] save start file=D:\dev\GitHub\project\pro_pptwrite\商业计划书汇报\商业计划书.pptx
[2026-08-16 13:10:46.825] [INFO ] [pid=5100] [commit] save send filePath=D:\dev\GitHub\project\pro_pptwrite\商业计划书汇报\商业计划书.pptx
[2026-08-16 13:10:46.875] [INFO ] [pid=5100] [commit] save ok file_path=D:\dev\GitHub\project\pro_pptwrite\商业计划书汇报\商业计划书.pptx ms=49
[2026-08-16 13:10:46.875] [INFO ] [pid=5100] [backend-ops] save ok file_path=D:\dev\GitHub\project\pro_pptwrite\商业计划书汇报\商业计划书.pptx ms=50
[2026-08-16 13:10:46.875] [INFO ] [pid=5100] [sync] drain end round=13 reconciles=1 mergedSubmits=1 pendingDirtySize=0 ms=127
[2026-08-16 13:10:58.762] [INFO ] [pid=5100] [watcher] event=add file=slides\13_asset.slide
[2026-08-16 13:10:59.263] [INFO ] [pid=5100] [watcher] flush batch dirty=[13_asset] size=1
[2026-08-16 13:10:59.264] [INFO ] [pid=5100] [sync] submit nextRound=14 dirty=13_asset pendingDirtySize=1 merged=no
[2026-08-16 13:10:59.264] [INFO ] [pid=5100] [sync] drain start round=14 pendingDirtySize=1
[2026-08-16 13:10:59.264] [INFO ] [pid=5100] [sync] step=add round=14 attempt=1 pageId=13_asset index=12
[2026-08-16 13:10:59.264] [INFO ] [pid=5100] [backend-ops] addSlideAt start pageId=13_asset index=12
[2026-08-16 13:10:59.265] [INFO ] [pid=5100] [render] start pageId=13_asset file=D:\dev\GitHub\project\pro_pptwrite\商业计划书汇报\slides\13_asset.slide
[2026-08-16 13:10:59.352] [INFO ] [pid=5100] [render] ok pageId=13_asset slides=1 ms=87
[2026-08-16 13:10:59.352] [INFO ] [pid=5100] [render] renderSlideData result.resources={
  images: {
    'rel:00903hb7': {
      id: 'rel:00903hb7',
      src: 'D:\\dev\\GitHub\\project\\pro_pptwrite\\商业计划书汇报\\.cache\\media\\images\\ce4f590f7717dbe2b0f773bb40268527.svg'
    }
  },
  videos: {},
  audios: {},
  fonts: {}
}
[2026-08-16 13:10:59.357] [INFO ] [pid=5100] [commit] commit send pageId=81bd9f targetIndex=12 version=13 baseVersion=12 revisionBytes=22656
[2026-08-16 13:10:59.363] [INFO ] [pid=5100] [commit] commit ok pageId=81bd9f revisionId=7a82d039 ms=5
[2026-08-16 13:10:59.365] [INFO ] [pid=5100] [backend-ops] addSlideAt ok pageId=13_asset slideId=81bd9f index=12 version=13 baseVersion=12 revisionId=7a82d039 code=0 images=[local=1 remote=0 cached=0 failed=0] ms=101
[2026-08-16 13:10:59.365] [INFO ] [pid=5100] [sync] aligned round=14 attempt=1 size=13 desired=13 pendingDirtySize=0
[2026-08-16 13:10:59.365] [INFO ] [pid=5100] [sync] reconcile ok round=14 attempt=1 ms=101
[2026-08-16 13:10:59.366] [INFO ] [pid=5100] [backend-ops] save start file=D:\dev\GitHub\project\pro_pptwrite\商业计划书汇报\商业计划书.pptx
[2026-08-16 13:10:59.366] [INFO ] [pid=5100] [commit] save send filePath=D:\dev\GitHub\project\pro_pptwrite\商业计划书汇报\商业计划书.pptx
[2026-08-16 13:10:59.423] [INFO ] [pid=5100] [commit] save ok file_path=D:\dev\GitHub\project\pro_pptwrite\商业计划书汇报\商业计划书.pptx ms=57
[2026-08-16 13:10:59.423] [INFO ] [pid=5100] [backend-ops] save ok file_path=D:\dev\GitHub\project\pro_pptwrite\商业计划书汇报\商业计划书.pptx ms=57
[2026-08-16 13:10:59.424] [INFO ] [pid=5100] [sync] drain end round=14 reconciles=1 mergedSubmits=1 pendingDirtySize=0 ms=160
[2026-08-16 13:11:05.081] [INFO ] [pid=5100] [watcher] event=add file=slides\14_sec05.slide
[2026-08-16 13:11:05.597] [INFO ] [pid=5100] [watcher] flush batch dirty=[14_sec05] size=1
[2026-08-16 13:11:05.597] [INFO ] [pid=5100] [sync] submit nextRound=15 dirty=14_sec05 pendingDirtySize=1 merged=no
[2026-08-16 13:11:05.597] [INFO ] [pid=5100] [sync] drain start round=15 pendingDirtySize=1
[2026-08-16 13:11:05.598] [INFO ] [pid=5100] [sync] step=add round=15 attempt=1 pageId=14_sec05 index=13
[2026-08-16 13:11:05.598] [INFO ] [pid=5100] [backend-ops] addSlideAt start pageId=14_sec05 index=13
[2026-08-16 13:11:05.598] [INFO ] [pid=5100] [render] start pageId=14_sec05 file=D:\dev\GitHub\project\pro_pptwrite\商业计划书汇报\slides\14_sec05.slide
[2026-08-16 13:11:05.612] [INFO ] [pid=5100] [render] ok pageId=14_sec05 slides=1 ms=14
[2026-08-16 13:11:05.613] [INFO ] [pid=5100] [render] renderSlideData result.resources={
  images: {
    'rel:00a3di1e': {
      id: 'rel:00a3di1e',
      src: 'D:\\dev\\GitHub\\project\\pro_pptwrite\\商业计划书汇报\\.cache\\media\\images\\c59b3a6438c5f7e99e91d5e3714d3493.svg'
    }
  },
  videos: {},
  audios: {},
  fonts: {}
}
[2026-08-16 13:11:05.618] [INFO ] [pid=5100] [commit] commit send pageId=f7c7d2 targetIndex=13 version=14 baseVersion=13 revisionBytes=7556
[2026-08-16 13:11:05.622] [INFO ] [pid=5100] [commit] commit ok pageId=f7c7d2 revisionId=ab3fd520 ms=4
[2026-08-16 13:11:05.625] [INFO ] [pid=5100] [backend-ops] addSlideAt ok pageId=14_sec05 slideId=f7c7d2 index=13 version=14 baseVersion=13 revisionId=ab3fd520 code=0 images=[local=1 remote=0 cached=0 failed=0] ms=27
[2026-08-16 13:11:05.625] [INFO ] [pid=5100] [sync] aligned round=15 attempt=1 size=14 desired=14 pendingDirtySize=0
[2026-08-16 13:11:05.625] [INFO ] [pid=5100] [sync] reconcile ok round=15 attempt=1 ms=27
[2026-08-16 13:11:05.626] [INFO ] [pid=5100] [backend-ops] save start file=D:\dev\GitHub\project\pro_pptwrite\商业计划书汇报\商业计划书.pptx
[2026-08-16 13:11:05.626] [INFO ] [pid=5100] [commit] save send filePath=D:\dev\GitHub\project\pro_pptwrite\商业计划书汇报\商业计划书.pptx
[2026-08-16 13:11:05.680] [INFO ] [pid=5100] [commit] save ok file_path=D:\dev\GitHub\project\pro_pptwrite\商业计划书汇报\商业计划书.pptx ms=54
[2026-08-16 13:11:05.681] [INFO ] [pid=5100] [backend-ops] save ok file_path=D:\dev\GitHub\project\pro_pptwrite\商业计划书汇报\商业计划书.pptx ms=55
[2026-08-16 13:11:05.681] [INFO ] [pid=5100] [sync] drain end round=15 reconciles=1 mergedSubmits=1 pendingDirtySize=0 ms=84
=== boot pid=17572 ts=2026-08-16 13:11:10.465 cwd=D:\dev\GitHub\project\pro_pptwrite\商业计划书汇报 argv=C:\Users\Administrator\.workbuddy\binaries\node\versions\22.22.2\node_modules\@tencent\slidep\dist\slidep-validate.js --all --project D:/dev/GitHub/project/pro_pptwrite/商业计划书汇报 ===
[2026-08-16 13:11:10.464] [INFO ] [pid=17572] [validate] --all mode: found 14 files in D:\dev\GitHub\project\pro_pptwrite\商业计划书汇报\slides
[2026-08-16 13:11:10.465] [INFO ] [pid=17572] [validate] batch start files=14 checkOverflow=true
[2026-08-16 13:11:11.743] [INFO ] [pid=17572] [validate] batch done total=14 passed=14 failed=0 ms=1280
[2026-08-16 13:11:20.746] [INFO ] [pid=5100] [watcher] event=add file=slides\15_huwai.slide
[2026-08-16 13:11:21.255] [INFO ] [pid=5100] [watcher] flush batch dirty=[15_huwai] size=1
[2026-08-16 13:11:21.255] [INFO ] [pid=5100] [sync] submit nextRound=16 dirty=15_huwai pendingDirtySize=1 merged=no
[2026-08-16 13:11:21.255] [INFO ] [pid=5100] [sync] drain start round=16 pendingDirtySize=1
[2026-08-16 13:11:21.256] [INFO ] [pid=5100] [sync] step=add round=16 attempt=1 pageId=15_huwai index=14
[2026-08-16 13:11:21.256] [INFO ] [pid=5100] [backend-ops] addSlideAt start pageId=15_huwai index=14
[2026-08-16 13:11:21.256] [INFO ] [pid=5100] [render] start pageId=15_huwai file=D:\dev\GitHub\project\pro_pptwrite\商业计划书汇报\slides\15_huwai.slide
[2026-08-16 13:11:21.378] [INFO ] [pid=5100] [render] ok pageId=15_huwai slides=1 ms=122
[2026-08-16 13:11:21.378] [INFO ] [pid=5100] [render] renderSlideData result.resources={
  images: {
    'rel:00lybjgo': {
      id: 'rel:00lybjgo',
      src: 'D:\\dev\\GitHub\\project\\pro_pptwrite\\商业计划书汇报\\.cache\\media\\images\\42a8fbf9ddc21efb50846f720d1eeca7.svg'
    },
    'rel:01t00ro0': {
      id: 'rel:01t00ro0',
      src: 'D:\\dev\\GitHub\\project\\pro_pptwrite\\商业计划书汇报\\.cache\\media\\images\\17eb3327244fbdc7b47ddbeca749dd01.svg'
    },
    'rel:00layeaw': {
      id: 'rel:00layeaw',
      src: 'D:\\dev\\GitHub\\project\\pro_pptwrite\\商业计划书汇报\\.cache\\media\\images\\011283cd6eb317099f5c46fa4e656b66.svg'
    }
  },
  videos: {},
  audios: {},
  fonts: {}
}
[2026-08-16 13:11:21.383] [INFO ] [pid=5100] [commit] commit send pageId=2ac559 targetIndex=14 version=15 baseVersion=14 revisionBytes=22548
[2026-08-16 13:11:21.391] [INFO ] [pid=5100] [commit] commit ok pageId=2ac559 revisionId=3c91b940 ms=7
[2026-08-16 13:11:21.393] [INFO ] [pid=5100] [backend-ops] addSlideAt ok pageId=15_huwai slideId=2ac559 index=14 version=15 baseVersion=14 revisionId=3c91b940 code=0 images=[local=3 remote=0 cached=0 failed=0] ms=137
[2026-08-16 13:11:21.393] [INFO ] [pid=5100] [sync] aligned round=16 attempt=1 size=15 desired=15 pendingDirtySize=0
[2026-08-16 13:11:21.394] [INFO ] [pid=5100] [sync] reconcile ok round=16 attempt=1 ms=139
[2026-08-16 13:11:21.394] [INFO ] [pid=5100] [backend-ops] save start file=D:\dev\GitHub\project\pro_pptwrite\商业计划书汇报\商业计划书.pptx
[2026-08-16 13:11:21.394] [INFO ] [pid=5100] [commit] save send filePath=D:\dev\GitHub\project\pro_pptwrite\商业计划书汇报\商业计划书.pptx
[2026-08-16 13:11:21.451] [INFO ] [pid=5100] [commit] save ok file_path=D:\dev\GitHub\project\pro_pptwrite\商业计划书汇报\商业计划书.pptx ms=57
[2026-08-16 13:11:21.451] [INFO ] [pid=5100] [backend-ops] save ok file_path=D:\dev\GitHub\project\pro_pptwrite\商业计划书汇报\商业计划书.pptx ms=57
[2026-08-16 13:11:21.452] [INFO ] [pid=5100] [sync] drain end round=16 reconciles=1 mergedSubmits=1 pendingDirtySize=0 ms=197
[2026-08-16 13:11:26.662] [INFO ] [pid=5100] [watcher] event=add file=slides\16_sec06.slide
[2026-08-16 13:11:27.163] [INFO ] [pid=5100] [watcher] flush batch dirty=[16_sec06] size=1
[2026-08-16 13:11:27.163] [INFO ] [pid=5100] [sync] submit nextRound=17 dirty=16_sec06 pendingDirtySize=1 merged=no
[2026-08-16 13:11:27.164] [INFO ] [pid=5100] [sync] drain start round=17 pendingDirtySize=1
[2026-08-16 13:11:27.164] [INFO ] [pid=5100] [sync] step=add round=17 attempt=1 pageId=16_sec06 index=15
[2026-08-16 13:11:27.164] [INFO ] [pid=5100] [backend-ops] addSlideAt start pageId=16_sec06 index=15
[2026-08-16 13:11:27.165] [INFO ] [pid=5100] [render] start pageId=16_sec06 file=D:\dev\GitHub\project\pro_pptwrite\商业计划书汇报\slides\16_sec06.slide
[2026-08-16 13:11:27.186] [INFO ] [pid=5100] [render] ok pageId=16_sec06 slides=1 ms=21
[2026-08-16 13:11:27.186] [INFO ] [pid=5100] [render] renderSlideData result.resources={
  images: {
    'rel:00a3di1e': {
      id: 'rel:00a3di1e',
      src: 'D:\\dev\\GitHub\\project\\pro_pptwrite\\商业计划书汇报\\.cache\\media\\images\\c59b3a6438c5f7e99e91d5e3714d3493.svg'
    }
  },
  videos: {},
  audios: {},
  fonts: {}
}
[2026-08-16 13:11:27.189] [INFO ] [pid=5100] [commit] commit send pageId=816ef4 targetIndex=15 version=16 baseVersion=15 revisionBytes=7548
[2026-08-16 13:11:27.193] [INFO ] [pid=5100] [commit] commit ok pageId=816ef4 revisionId=d1e671ff ms=4
[2026-08-16 13:11:27.195] [INFO ] [pid=5100] [backend-ops] addSlideAt ok pageId=16_sec06 slideId=816ef4 index=15 version=16 baseVersion=15 revisionId=d1e671ff code=0 images=[local=1 remote=0 cached=0 failed=0] ms=31
[2026-08-16 13:11:27.195] [INFO ] [pid=5100] [sync] aligned round=17 attempt=1 size=16 desired=16 pendingDirtySize=0
[2026-08-16 13:11:27.195] [INFO ] [pid=5100] [sync] reconcile ok round=17 attempt=1 ms=31
[2026-08-16 13:11:27.195] [INFO ] [pid=5100] [backend-ops] save start file=D:\dev\GitHub\project\pro_pptwrite\商业计划书汇报\商业计划书.pptx
[2026-08-16 13:11:27.196] [INFO ] [pid=5100] [commit] save send filePath=D:\dev\GitHub\project\pro_pptwrite\商业计划书汇报\商业计划书.pptx
[2026-08-16 13:11:27.254] [INFO ] [pid=5100] [commit] save ok file_path=D:\dev\GitHub\project\pro_pptwrite\商业计划书汇报\商业计划书.pptx ms=57
[2026-08-16 13:11:27.254] [INFO ] [pid=5100] [backend-ops] save ok file_path=D:\dev\GitHub\project\pro_pptwrite\商业计划书汇报\商业计划书.pptx ms=59
[2026-08-16 13:11:27.255] [INFO ] [pid=5100] [sync] drain end round=17 reconciles=1 mergedSubmits=1 pendingDirtySize=0 ms=91
[2026-08-16 13:11:36.744] [INFO ] [pid=5100] [watcher] event=add file=slides\17_equity.slide
[2026-08-16 13:11:37.245] [INFO ] [pid=5100] [watcher] flush batch dirty=[17_equity] size=1
[2026-08-16 13:11:37.246] [INFO ] [pid=5100] [sync] submit nextRound=18 dirty=17_equity pendingDirtySize=1 merged=no
[2026-08-16 13:11:37.246] [INFO ] [pid=5100] [sync] drain start round=18 pendingDirtySize=1
[2026-08-16 13:11:37.246] [INFO ] [pid=5100] [sync] step=add round=18 attempt=1 pageId=17_equity index=16
[2026-08-16 13:11:37.246] [INFO ] [pid=5100] [backend-ops] addSlideAt start pageId=17_equity index=16
[2026-08-16 13:11:37.247] [INFO ] [pid=5100] [render] start pageId=17_equity file=D:\dev\GitHub\project\pro_pptwrite\商业计划书汇报\slides\17_equity.slide
[2026-08-16 13:11:37.286] [INFO ] [pid=5100] [render] ok pageId=17_equity slides=1 ms=39
[2026-08-16 13:11:37.286] [INFO ] [pid=5100] [render] renderSlideData result.resources={ images: {}, videos: {}, audios: {}, fonts: {} }
[2026-08-16 13:11:37.290] [INFO ] [pid=5100] [commit] commit send pageId=0858a8 targetIndex=16 version=17 baseVersion=16 revisionBytes=15608
[2026-08-16 13:11:37.294] [INFO ] [pid=5100] [commit] commit ok pageId=0858a8 revisionId=c907b777 ms=4
[2026-08-16 13:11:37.295] [INFO ] [pid=5100] [backend-ops] addSlideAt ok pageId=17_equity slideId=0858a8 index=16 version=17 baseVersion=16 revisionId=c907b777 code=0 images=[local=0 remote=0 cached=0 failed=0] ms=49
[2026-08-16 13:11:37.296] [INFO ] [pid=5100] [sync] aligned round=18 attempt=1 size=17 desired=17 pendingDirtySize=0
[2026-08-16 13:11:37.296] [INFO ] [pid=5100] [sync] reconcile ok round=18 attempt=1 ms=50
[2026-08-16 13:11:37.296] [INFO ] [pid=5100] [backend-ops] save start file=D:\dev\GitHub\project\pro_pptwrite\商业计划书汇报\商业计划书.pptx
[2026-08-16 13:11:37.296] [INFO ] [pid=5100] [commit] save send filePath=D:\dev\GitHub\project\pro_pptwrite\商业计划书汇报\商业计划书.pptx
[2026-08-16 13:11:37.357] [INFO ] [pid=5100] [commit] save ok file_path=D:\dev\GitHub\project\pro_pptwrite\商业计划书汇报\商业计划书.pptx ms=60
[2026-08-16 13:11:37.357] [INFO ] [pid=5100] [backend-ops] save ok file_path=D:\dev\GitHub\project\pro_pptwrite\商业计划书汇报\商业计划书.pptx ms=61
[2026-08-16 13:11:37.357] [INFO ] [pid=5100] [sync] drain end round=18 reconciles=1 mergedSubmits=1 pendingDirtySize=0 ms=111
=== boot pid=18100 ts=2026-08-16 13:11:42.508 cwd=D:\dev\GitHub\project\pro_pptwrite\商业计划书汇报 argv=C:\Users\Administrator\.workbuddy\binaries\node\versions\22.22.2\node_modules\@tencent\slidep\dist\slidep-validate.js --all --project D:/dev/GitHub/project/pro_pptwrite/商业计划书汇报 ===
[2026-08-16 13:11:42.507] [INFO ] [pid=18100] [validate] --all mode: found 17 files in D:\dev\GitHub\project\pro_pptwrite\商业计划书汇报\slides
[2026-08-16 13:11:42.509] [INFO ] [pid=18100] [validate] batch start files=17 checkOverflow=true
[2026-08-16 13:11:43.874] [INFO ] [pid=18100] [validate] batch done total=17 passed=17 failed=0 ms=1367
[2026-08-16 13:11:58.808] [INFO ] [pid=5100] [watcher] event=add file=slides\18_capital.slide
[2026-08-16 13:11:59.311] [INFO ] [pid=5100] [watcher] flush batch dirty=[18_capital] size=1
[2026-08-16 13:11:59.311] [INFO ] [pid=5100] [sync] submit nextRound=19 dirty=18_capital pendingDirtySize=1 merged=no
[2026-08-16 13:11:59.311] [INFO ] [pid=5100] [sync] drain start round=19 pendingDirtySize=1
[2026-08-16 13:11:59.312] [INFO ] [pid=5100] [sync] step=add round=19 attempt=1 pageId=18_capital index=17
[2026-08-16 13:11:59.312] [INFO ] [pid=5100] [backend-ops] addSlideAt start pageId=18_capital index=17
[2026-08-16 13:11:59.312] [INFO ] [pid=5100] [render] start pageId=18_capital file=D:\dev\GitHub\project\pro_pptwrite\商业计划书汇报\slides\18_capital.slide
[2026-08-16 13:11:59.313] [WARN ] [pid=5100] [worker] reconcile failed (Error:   x Unterminated string constant
   ,-[1:1]
 1 | <Slide padding={0} style={{ background: '#F4F9F6', fontFamily: "'Source Han Sans SC', 'Microsoft YaHei', sans-serif' }}>
   :                                                                ^^^^^^^^^^^^^^^^^^^^^^^^^^^^^^^^^^^^^^^^^^^^^^^^^^^^^^^^^
 2 |   <Box style={{ position: 'absolute', top: 0, left: 0, right: 0, height: 110, paddingLeft: 60, paddingRight: 60, flexDirection: 'row', alignItems: 'center' }}>
 3 |     <Box style={{ width: 6, height: 44, background: '#0F5C46', borderRadius: 3, marginRight: 18 }} />
 4 |     <Text style={{ fontSize: 34, fontWeight: 'bold', color: '#1C2B24' }}>40% 股权现金入股金额与资金投向</Text>
   `----
  x Expected ',', got 'ident'
   ,-[2:1]
 1 | <Slide padding={0} style={{ background: '#F4F9F6', fontFamily: "'Source Han Sans SC', 'Microsoft YaHei', sans-serif' }}>
 2 |   <Box style={{ position: 'absolute', top: 0, left: 0, right: 0, height: 110, paddingLeft: 60, paddingRight: 60, flexDirection: 'row', alignItems: 'center' }}>
   :        ^^^^^
 3 |     <Box style={{ width: 6, height: 44, background: '#0F5C46', borderRadius: 3, marginRight: 18 }} />
 4 |     <Text style={{ fontSize: 34, fontWeight: 'bold', color: '#1C2B24' }}>40% 股权现金入股金额与资金投向</Text>
 5 |   </Box>
   `----


Caused by:
    Syntax Error); trying soft recovery (purge backend + sync version, no editor restart)
[2026-08-16 13:11:59.317] [INFO ] [pid=5100] [mcp] mcp:slide_get_info send url=http://127.0.0.1:39099/mcp args={"file_id":"3027515C-8470-448E-82A8-857FFEF3E538"}
[2026-08-16 13:11:59.320] [INFO ] [pid=5100] [mcp] mcp:slide_get_info ok ms=2
[2026-08-16 13:11:59.320] [INFO ] [pid=5100] [purge] purge start backendSlideCount=17
[2026-08-16 13:11:59.322] [INFO ] [pid=5100] [mcp] mcp:slide_remove_slide send url=http://127.0.0.1:39099/mcp args={"file_id":"3027515C-8470-448E-82A8-857FFEF3E538","page_index":0}
[2026-08-16 13:11:59.325] [INFO ] [pid=5100] [mcp] mcp:slide_remove_slide ok ms=2
[2026-08-16 13:11:59.327] [INFO ] [pid=5100] [mcp] mcp:slide_remove_slide send url=http://127.0.0.1:39099/mcp args={"file_id":"3027515C-8470-448E-82A8-857FFEF3E538","page_index":0}
[2026-08-16 13:11:59.330] [INFO ] [pid=5100] [mcp] mcp:slide_remove_slide ok ms=2
[2026-08-16 13:11:59.332] [INFO ] [pid=5100] [mcp] mcp:slide_remove_slide send url=http://127.0.0.1:39099/mcp args={"file_id":"3027515C-8470-448E-82A8-857FFEF3E538","page_index":0}
[2026-08-16 13:11:59.335] [INFO ] [pid=5100] [mcp] mcp:slide_remove_slide ok ms=2
[2026-08-16 13:11:59.336] [INFO ] [pid=5100] [mcp] mcp:slide_remove_slide send url=http://127.0.0.1:39099/mcp args={"file_id":"3027515C-8470-448E-82A8-857FFEF3E538","page_index":0}
[2026-08-16 13:11:59.339] [INFO ] [pid=5100] [mcp] mcp:slide_remove_slide ok ms=2
[2026-08-16 13:11:59.342] [INFO ] [pid=5100] [mcp] mcp:slide_remove_slide send url=http://127.0.0.1:39099/mcp args={"file_id":"3027515C-8470-448E-82A8-857FFEF3E538","page_index":0}
[2026-08-16 13:11:59.344] [INFO ] [pid=5100] [mcp] mcp:slide_remove_slide ok ms=2
[2026-08-16 13:11:59.347] [INFO ] [pid=5100] [mcp] mcp:slide_remove_slide send url=http://127.0.0.1:39099/mcp args={"file_id":"3027515C-8470-448E-82A8-857FFEF3E538","page_index":0}
[2026-08-16 13:11:59.350] [INFO ] [pid=5100] [mcp] mcp:slide_remove_slide ok ms=2
[2026-08-16 13:11:59.352] [INFO ] [pid=5100] [mcp] mcp:slide_remove_slide send url=http://127.0.0.1:39099/mcp args={"file_id":"3027515C-8470-448E-82A8-857FFEF3E538","page_index":0}
[2026-08-16 13:11:59.354] [INFO ] [pid=5100] [mcp] mcp:slide_remove_slide ok ms=2
[2026-08-16 13:11:59.356] [INFO ] [pid=5100] [mcp] mcp:slide_remove_slide send url=http://127.0.0.1:39099/mcp args={"file_id":"3027515C-8470-448E-82A8-857FFEF3E538","page_index":0}
[2026-08-16 13:11:59.358] [INFO ] [pid=5100] [mcp] mcp:slide_remove_slide ok ms=1
[2026-08-16 13:11:59.359] [INFO ] [pid=5100] [mcp] mcp:slide_remove_slide send url=http://127.0.0.1:39099/mcp args={"file_id":"3027515C-8470-448E-82A8-857FFEF3E538","page_index":0}
[2026-08-16 13:11:59.361] [INFO ] [pid=5100] [mcp] mcp:slide_remove_slide ok ms=1
[2026-08-16 13:11:59.364] [INFO ] [pid=5100] [mcp] mcp:slide_remove_slide send url=http://127.0.0.1:39099/mcp args={"file_id":"3027515C-8470-448E-82A8-857FFEF3E538","page_index":0}
[2026-08-16 13:11:59.367] [INFO ] [pid=5100] [mcp] mcp:slide_remove_slide ok ms=3
[2026-08-16 13:11:59.369] [INFO ] [pid=5100] [mcp] mcp:slide_remove_slide send url=http://127.0.0.1:39099/mcp args={"file_id":"3027515C-8470-448E-82A8-857FFEF3E538","page_index":0}
[2026-08-16 13:11:59.371] [INFO ] [pid=5100] [mcp] mcp:slide_remove_slide ok ms=2
[2026-08-16 13:11:59.373] [INFO ] [pid=5100] [mcp] mcp:slide_remove_slide send url=http://127.0.0.1:39099/mcp args={"file_id":"3027515C-8470-448E-82A8-857FFEF3E538","page_index":0}
[2026-08-16 13:11:59.375] [INFO ] [pid=5100] [mcp] mcp:slide_remove_slide ok ms=2
[2026-08-16 13:11:59.377] [INFO ] [pid=5100] [mcp] mcp:slide_remove_slide send url=http://127.0.0.1:39099/mcp args={"file_id":"3027515C-8470-448E-82A8-857FFEF3E538","page_index":0}
[2026-08-16 13:11:59.380] [INFO ] [pid=5100] [mcp] mcp:slide_remove_slide ok ms=3
[2026-08-16 13:11:59.382] [INFO ] [pid=5100] [mcp] mcp:slide_remove_slide send url=http://127.0.0.1:39099/mcp args={"file_id":"3027515C-8470-448E-82A8-857FFEF3E538","page_index":0}
[2026-08-16 13:11:59.384] [INFO ] [pid=5100] [mcp] mcp:slide_remove_slide ok ms=1
[2026-08-16 13:11:59.387] [INFO ] [pid=5100] [mcp] mcp:slide_remove_slide send url=http://127.0.0.1:39099/mcp args={"file_id":"3027515C-8470-448E-82A8-857FFEF3E538","page_index":0}
[2026-08-16 13:11:59.389] [INFO ] [pid=5100] [mcp] mcp:slide_remove_slide ok ms=2
[2026-08-16 13:11:59.391] [INFO ] [pid=5100] [mcp] mcp:slide_remove_slide send url=http://127.0.0.1:39099/mcp args={"file_id":"3027515C-8470-448E-82A8-857FFEF3E538","page_index":0}
[2026-08-16 13:11:59.393] [INFO ] [pid=5100] [mcp] mcp:slide_remove_slide ok ms=2
[2026-08-16 13:11:59.395] [INFO ] [pid=5100] [mcp] mcp:slide_remove_slide send url=http://127.0.0.1:39099/mcp args={"file_id":"3027515C-8470-448E-82A8-857FFEF3E538","page_index":0}
[2026-08-16 13:11:59.398] [INFO ] [pid=5100] [mcp] mcp:slide_remove_slide ok ms=2
[2026-08-16 13:11:59.398] [INFO ] [pid=5100] [purge] purge ok removed=17 ms=84
[2026-08-16 13:11:59.400] [INFO ] [pid=5100] [mcp] mcp:slide_get_info send url=http://127.0.0.1:39099/mcp args={"file_id":"3027515C-8470-448E-82A8-857FFEF3E538"}
[2026-08-16 13:11:59.402] [INFO ] [pid=5100] [mcp] mcp:slide_get_info ok ms=1
[2026-08-16 13:11:59.403] [INFO ] [pid=5100] [backend-ops] seedServerVersion from=17 to=34
[2026-08-16 13:11:59.403] [INFO ] [pid=5100] [worker] recovery (soft) ok: purged=17 backendNow=0page(s) version=34, view reset; reconcile will redo full sync
[2026-08-16 13:11:59.403] [INFO ] [pid=5100] [sync] reconcile FAIL but recovered via onReconcileFailure round=19 attempt=1 (recovery 1/2) ms=91; re-running reconcile
[2026-08-16 13:11:59.403] [INFO ] [pid=5100] [sync] step=add round=19 attempt=2 pageId=01_cover index=0
[2026-08-16 13:11:59.404] [INFO ] [pid=5100] [backend-ops] addSlideAt start pageId=01_cover index=0
[2026-08-16 13:11:59.404] [INFO ] [pid=5100] [render] start pageId=01_cover file=D:\dev\GitHub\project\pro_pptwrite\商业计划书汇报\slides\01_cover.slide
[2026-08-16 13:11:59.427] [INFO ] [pid=5100] [render] ok pageId=01_cover slides=1 ms=23
[2026-08-16 13:11:59.427] [INFO ] [pid=5100] [render] renderSlideData result.resources={
  images: {
    'rel:014s7qs3': {
      id: 'rel:014s7qs3',
      src: 'D:\\dev\\GitHub\\project\\pro_pptwrite\\商业计划书汇报\\.cache\\media\\images\\bdc7b1f0c2ef803900dd8074d3c8bd0d.svg'
    }
  },
  videos: {},
  audios: {},
  fonts: {}
}
[2026-08-16 13:11:59.432] [INFO ] [pid=5100] [commit] commit send pageId=7430a3 targetIndex=0 version=18 baseVersion=34 revisionBytes=13380
[2026-08-16 13:11:59.438] [INFO ] [pid=5100] [commit] commit ok pageId=7430a3 revisionId=b2e6be4d ms=5
[2026-08-16 13:11:59.438] [INFO ] [pid=5100] [backend-ops] addSlideAt ok pageId=01_cover slideId=7430a3 index=0 version=18 baseVersion=34 revisionId=b2e6be4d code=0 images=[local=1 remote=0 cached=0 failed=0] ms=34
[2026-08-16 13:11:59.439] [INFO ] [pid=5100] [sync] step=add round=19 attempt=2 pageId=02_catalog index=1
[2026-08-16 13:11:59.440] [INFO ] [pid=5100] [backend-ops] addSlideAt start pageId=02_catalog index=1
[2026-08-16 13:11:59.440] [INFO ] [pid=5100] [render] start pageId=02_catalog file=D:\dev\GitHub\project\pro_pptwrite\商业计划书汇报\slides\02_catalog.slide
[2026-08-16 13:11:59.518] [INFO ] [pid=5100] [render] ok pageId=02_catalog slides=1 ms=78
[2026-08-16 13:11:59.519] [INFO ] [pid=5100] [render] renderSlideData result.resources={ images: {}, videos: {}, audios: {}, fonts: {} }
[2026-08-16 13:11:59.522] [INFO ] [pid=5100] [commit] commit send pageId=b28d9d targetIndex=1 version=19 baseVersion=35 revisionBytes=40488
[2026-08-16 13:11:59.530] [INFO ] [pid=5100] [commit] commit ok pageId=b28d9d revisionId=e3199982 ms=8
[2026-08-16 13:11:59.531] [INFO ] [pid=5100] [backend-ops] addSlideAt ok pageId=02_catalog slideId=b28d9d index=1 version=19 baseVersion=35 revisionId=e3199982 code=0 images=[local=0 remote=0 cached=0 failed=0] ms=91
[2026-08-16 13:11:59.531] [INFO ] [pid=5100] [sync] step=add round=19 attempt=2 pageId=03_sec01 index=2
[2026-08-16 13:11:59.532] [INFO ] [pid=5100] [backend-ops] addSlideAt start pageId=03_sec01 index=2
[2026-08-16 13:11:59.532] [INFO ] [pid=5100] [render] start pageId=03_sec01 file=D:\dev\GitHub\project\pro_pptwrite\商业计划书汇报\slides\03_sec01.slide
[2026-08-16 13:11:59.550] [INFO ] [pid=5100] [render] ok pageId=03_sec01 slides=1 ms=18
[2026-08-16 13:11:59.553] [INFO ] [pid=5100] [render] renderSlideData result.resources={
  images: {
    'rel:00a3di1e': {
      id: 'rel:00a3di1e',
      src: 'D:\\dev\\GitHub\\project\\pro_pptwrite\\商业计划书汇报\\.cache\\media\\images\\c59b3a6438c5f7e99e91d5e3714d3493.svg'
    }
  },
  videos: {},
  audios: {},
  fonts: {}
}
[2026-08-16 13:11:59.557] [INFO ] [pid=5100] [commit] commit send pageId=9c38fd targetIndex=2 version=20 baseVersion=36 revisionBytes=7596
[2026-08-16 13:11:59.564] [INFO ] [pid=5100] [commit] commit ok pageId=9c38fd revisionId=9edd2972 ms=6
[2026-08-16 13:11:59.567] [INFO ] [pid=5100] [backend-ops] addSlideAt ok pageId=03_sec01 slideId=9c38fd index=2 version=20 baseVersion=36 revisionId=9edd2972 code=0 images=[local=1 remote=0 cached=0 failed=0] ms=35
[2026-08-16 13:11:59.567] [INFO ] [pid=5100] [sync] step=add round=19 attempt=2 pageId=04_summary_core index=3
[2026-08-16 13:11:59.567] [INFO ] [pid=5100] [backend-ops] addSlideAt start pageId=04_summary_core index=3
[2026-08-16 13:11:59.568] [INFO ] [pid=5100] [render] start pageId=04_summary_core file=D:\dev\GitHub\project\pro_pptwrite\商业计划书汇报\slides\04_summary_core.slide
[2026-08-16 13:11:59.611] [INFO ] [pid=5100] [render] ok pageId=04_summary_core slides=1 ms=43
[2026-08-16 13:11:59.611] [INFO ] [pid=5100] [render] renderSlideData result.resources={ images: {}, videos: {}, audios: {}, fonts: {} }
[2026-08-16 13:11:59.614] [INFO ] [pid=5100] [commit] commit send pageId=db865c targetIndex=3 version=21 baseVersion=37 revisionBytes=21924
[2026-08-16 13:11:59.619] [INFO ] [pid=5100] [commit] commit ok pageId=db865c revisionId=d81ff543 ms=4
[2026-08-16 13:11:59.620] [INFO ] [pid=5100] [backend-ops] addSlideAt ok pageId=04_summary_core slideId=db865c index=3 version=21 baseVersion=37 revisionId=d81ff543 code=0 images=[local=0 remote=0 cached=0 failed=0] ms=53
[2026-08-16 13:11:59.621] [INFO ] [pid=5100] [sync] step=add round=19 attempt=2 pageId=05_summary_value index=4
[2026-08-16 13:11:59.621] [INFO ] [pid=5100] [backend-ops] addSlideAt start pageId=05_summary_value index=4
[2026-08-16 13:11:59.622] [INFO ] [pid=5100] [render] start pageId=05_summary_value file=D:\dev\GitHub\project\pro_pptwrite\商业计划书汇报\slides\05_summary_value.slide
[2026-08-16 13:11:59.650] [INFO ] [pid=5100] [render] ok pageId=05_summary_value slides=1 ms=28
[2026-08-16 13:11:59.650] [INFO ] [pid=5100] [render] renderSlideData result.resources={ images: {}, videos: {}, audios: {}, fonts: {} }
[2026-08-16 13:11:59.653] [INFO ] [pid=5100] [commit] commit send pageId=e97e2c targetIndex=4 version=22 baseVersion=38 revisionBytes=18836
[2026-08-16 13:11:59.659] [INFO ] [pid=5100] [commit] commit ok pageId=e97e2c revisionId=f76c11c4 ms=6
[2026-08-16 13:11:59.660] [INFO ] [pid=5100] [backend-ops] addSlideAt ok pageId=05_summary_value slideId=e97e2c index=4 version=22 baseVersion=38 revisionId=f76c11c4 code=0 images=[local=0 remote=0 cached=0 failed=0] ms=39
[2026-08-16 13:11:59.661] [INFO ] [pid=5100] [sync] step=add round=19 attempt=2 pageId=06_sec02 index=5
[2026-08-16 13:11:59.661] [INFO ] [pid=5100] [backend-ops] addSlideAt start pageId=06_sec02 index=5
[2026-08-16 13:11:59.662] [INFO ] [pid=5100] [render] start pageId=06_sec02 file=D:\dev\GitHub\project\pro_pptwrite\商业计划书汇报\slides\06_sec02.slide
[2026-08-16 13:11:59.674] [INFO ] [pid=5100] [render] ok pageId=06_sec02 slides=1 ms=12
[2026-08-16 13:11:59.674] [INFO ] [pid=5100] [render] renderSlideData result.resources={
  images: {
    'rel:00a3di1e': {
      id: 'rel:00a3di1e',
      src: 'D:\\dev\\GitHub\\project\\pro_pptwrite\\商业计划书汇报\\.cache\\media\\images\\c59b3a6438c5f7e99e91d5e3714d3493.svg'
    }
  },
  videos: {},
  audios: {},
  fonts: {}
}
[2026-08-16 13:11:59.676] [INFO ] [pid=5100] [commit] commit send pageId=22b423 targetIndex=5 version=23 baseVersion=39 revisionBytes=7596
[2026-08-16 13:11:59.682] [INFO ] [pid=5100] [commit] commit ok pageId=22b423 revisionId=fd671da0 ms=5
[2026-08-16 13:11:59.685] [INFO ] [pid=5100] [backend-ops] addSlideAt ok pageId=06_sec02 slideId=22b423 index=5 version=23 baseVersion=39 revisionId=fd671da0 code=0 images=[local=1 remote=0 cached=0 failed=0] ms=24
[2026-08-16 13:11:59.685] [INFO ] [pid=5100] [sync] step=add round=19 attempt=2 pageId=07_origin index=6
[2026-08-16 13:11:59.686] [INFO ] [pid=5100] [backend-ops] addSlideAt start pageId=07_origin index=6
[2026-08-16 13:11:59.686] [INFO ] [pid=5100] [render] start pageId=07_origin file=D:\dev\GitHub\project\pro_pptwrite\商业计划书汇报\slides\07_origin.slide
[2026-08-16 13:11:59.740] [INFO ] [pid=5100] [render] ok pageId=07_origin slides=1 ms=54
[2026-08-16 13:11:59.740] [INFO ] [pid=5100] [render] renderSlideData result.resources={ images: {}, videos: {}, audios: {}, fonts: {} }
[2026-08-16 13:11:59.745] [INFO ] [pid=5100] [commit] commit send pageId=38703e targetIndex=6 version=24 baseVersion=40 revisionBytes=24740
[2026-08-16 13:11:59.751] [INFO ] [pid=5100] [commit] commit ok pageId=38703e revisionId=973149cd ms=5
[2026-08-16 13:11:59.753] [INFO ] [pid=5100] [backend-ops] addSlideAt ok pageId=07_origin slideId=38703e index=6 version=24 baseVersion=40 revisionId=973149cd code=0 images=[local=0 remote=0 cached=0 failed=0] ms=67
[2026-08-16 13:11:59.754] [INFO ] [pid=5100] [sync] step=add round=19 attempt=2 pageId=08_sec03 index=7
[2026-08-16 13:11:59.755] [INFO ] [pid=5100] [backend-ops] addSlideAt start pageId=08_sec03 index=7
[2026-08-16 13:11:59.755] [INFO ] [pid=5100] [render] start pageId=08_sec03 file=D:\dev\GitHub\project\pro_pptwrite\商业计划书汇报\slides\08_sec03.slide
[2026-08-16 13:11:59.764] [INFO ] [pid=5100] [render] ok pageId=08_sec03 slides=1 ms=9
[2026-08-16 13:11:59.765] [INFO ] [pid=5100] [render] renderSlideData result.resources={
  images: {
    'rel:00a3di1e': {
      id: 'rel:00a3di1e',
      src: 'D:\\dev\\GitHub\\project\\pro_pptwrite\\商业计划书汇报\\.cache\\media\\images\\c59b3a6438c5f7e99e91d5e3714d3493.svg'
    }
  },
  videos: {},
  audios: {},
  fonts: {}
}
[2026-08-16 13:11:59.767] [INFO ] [pid=5100] [commit] commit send pageId=cb5cd6 targetIndex=7 version=25 baseVersion=41 revisionBytes=7536
[2026-08-16 13:11:59.772] [INFO ] [pid=5100] [commit] commit ok pageId=cb5cd6 revisionId=9aedf90a ms=4
[2026-08-16 13:11:59.774] [INFO ] [pid=5100] [backend-ops] addSlideAt ok pageId=08_sec03 slideId=cb5cd6 index=7 version=25 baseVersion=41 revisionId=9aedf90a code=0 images=[local=1 remote=0 cached=0 failed=0] ms=19
[2026-08-16 13:11:59.774] [INFO ] [pid=5100] [sync] step=add round=19 attempt=2 pageId=09_market index=8
[2026-08-16 13:11:59.775] [INFO ] [pid=5100] [backend-ops] addSlideAt start pageId=09_market index=8
[2026-08-16 13:11:59.775] [INFO ] [pid=5100] [render] start pageId=09_market file=D:\dev\GitHub\project\pro_pptwrite\商业计划书汇报\slides\09_market.slide
[2026-08-16 13:11:59.801] [INFO ] [pid=5100] [render] ok pageId=09_market slides=1 ms=26
[2026-08-16 13:11:59.802] [INFO ] [pid=5100] [render] renderSlideData result.resources={ images: {}, videos: {}, audios: {}, fonts: {} }
[2026-08-16 13:11:59.806] [INFO ] [pid=5100] [commit] commit send pageId=79cefd targetIndex=8 version=26 baseVersion=42 revisionBytes=18412
[2026-08-16 13:11:59.810] [INFO ] [pid=5100] [commit] commit ok pageId=79cefd revisionId=ab74eb0b ms=4
[2026-08-16 13:11:59.812] [INFO ] [pid=5100] [backend-ops] addSlideAt ok pageId=09_market slideId=79cefd index=8 version=26 baseVersion=42 revisionId=ab74eb0b code=0 images=[local=0 remote=0 cached=0 failed=0] ms=37
[2026-08-16 13:11:59.813] [INFO ] [pid=5100] [sync] step=add round=19 attempt=2 pageId=10_advantage index=9
[2026-08-16 13:11:59.813] [INFO ] [pid=5100] [backend-ops] addSlideAt start pageId=10_advantage index=9
[2026-08-16 13:11:59.814] [INFO ] [pid=5100] [render] start pageId=10_advantage file=D:\dev\GitHub\project\pro_pptwrite\商业计划书汇报\slides\10_advantage.slide
[2026-08-16 13:11:59.860] [INFO ] [pid=5100] [render] ok pageId=10_advantage slides=1 ms=46
[2026-08-16 13:11:59.861] [INFO ] [pid=5100] [render] renderSlideData result.resources={
  images: {
    'rel:00bszdp3': {
      id: 'rel:00bszdp3',
      src: 'D:\\dev\\GitHub\\project\\pro_pptwrite\\商业计划书汇报\\.cache\\media\\images\\8268ce7d54681faf3f7e802699ed99f4.svg'
    },
    'rel:00vxkut0': {
      id: 'rel:00vxkut0',
      src: 'D:\\dev\\GitHub\\project\\pro_pptwrite\\商业计划书汇报\\.cache\\media\\images\\a42d2da9f2ce364500f660d6d7fbe44f.svg'
    }
  },
  videos: {},
  audios: {},
  fonts: {}
}
[2026-08-16 13:11:59.865] [INFO ] [pid=5100] [commit] commit send pageId=78aa60 targetIndex=9 version=27 baseVersion=43 revisionBytes=25164
[2026-08-16 13:11:59.872] [INFO ] [pid=5100] [commit] commit ok pageId=78aa60 revisionId=9fa6e52b ms=6
[2026-08-16 13:11:59.872] [INFO ] [pid=5100] [backend-ops] addSlideAt ok pageId=10_advantage slideId=78aa60 index=9 version=27 baseVersion=43 revisionId=9fa6e52b code=0 images=[local=2 remote=0 cached=0 failed=0] ms=59
[2026-08-16 13:11:59.873] [INFO ] [pid=5100] [sync] step=add round=19 attempt=2 pageId=11_sec04 index=10
[2026-08-16 13:11:59.873] [INFO ] [pid=5100] [backend-ops] addSlideAt start pageId=11_sec04 index=10
[2026-08-16 13:11:59.874] [INFO ] [pid=5100] [render] start pageId=11_sec04 file=D:\dev\GitHub\project\pro_pptwrite\商业计划书汇报\slides\11_sec04.slide
[2026-08-16 13:11:59.884] [INFO ] [pid=5100] [render] ok pageId=11_sec04 slides=1 ms=10
[2026-08-16 13:11:59.884] [INFO ] [pid=5100] [render] renderSlideData result.resources={
  images: {
    'rel:00a3di1e': {
      id: 'rel:00a3di1e',
      src: 'D:\\dev\\GitHub\\project\\pro_pptwrite\\商业计划书汇报\\.cache\\media\\images\\c59b3a6438c5f7e99e91d5e3714d3493.svg'
    }
  },
  videos: {},
  audios: {},
  fonts: {}
}
[2026-08-16 13:11:59.887] [INFO ] [pid=5100] [commit] commit send pageId=cc75f4 targetIndex=10 version=28 baseVersion=44 revisionBytes=7560
[2026-08-16 13:11:59.891] [INFO ] [pid=5100] [commit] commit ok pageId=cc75f4 revisionId=459d9851 ms=4
[2026-08-16 13:11:59.892] [INFO ] [pid=5100] [backend-ops] addSlideAt ok pageId=11_sec04 slideId=cc75f4 index=10 version=28 baseVersion=44 revisionId=459d9851 code=0 images=[local=1 remote=0 cached=0 failed=0] ms=19
[2026-08-16 13:11:59.893] [INFO ] [pid=5100] [sync] step=add round=19 attempt=2 pageId=12_company index=11
[2026-08-16 13:11:59.893] [INFO ] [pid=5100] [backend-ops] addSlideAt start pageId=12_company index=11
[2026-08-16 13:11:59.893] [INFO ] [pid=5100] [render] start pageId=12_company file=D:\dev\GitHub\project\pro_pptwrite\商业计划书汇报\slides\12_company.slide
[2026-08-16 13:11:59.927] [INFO ] [pid=5100] [render] ok pageId=12_company slides=1 ms=34
[2026-08-16 13:11:59.928] [INFO ] [pid=5100] [render] renderSlideData result.resources={ images: {}, videos: {}, audios: {}, fonts: {} }
[2026-08-16 13:11:59.930] [INFO ] [pid=5100] [commit] commit send pageId=e41da6 targetIndex=11 version=29 baseVersion=45 revisionBytes=22708
[2026-08-16 13:11:59.938] [INFO ] [pid=5100] [commit] commit ok pageId=e41da6 revisionId=6685552f ms=7
[2026-08-16 13:11:59.939] [INFO ] [pid=5100] [backend-ops] addSlideAt ok pageId=12_company slideId=e41da6 index=11 version=29 baseVersion=45 revisionId=6685552f code=0 images=[local=0 remote=0 cached=0 failed=0] ms=46
[2026-08-16 13:11:59.940] [INFO ] [pid=5100] [sync] step=add round=19 attempt=2 pageId=13_asset index=12
[2026-08-16 13:11:59.940] [INFO ] [pid=5100] [backend-ops] addSlideAt start pageId=13_asset index=12
[2026-08-16 13:11:59.940] [INFO ] [pid=5100] [render] start pageId=13_asset file=D:\dev\GitHub\project\pro_pptwrite\商业计划书汇报\slides\13_asset.slide
[2026-08-16 13:11:59.981] [INFO ] [pid=5100] [render] ok pageId=13_asset slides=1 ms=41
[2026-08-16 13:11:59.982] [INFO ] [pid=5100] [render] renderSlideData result.resources={
  images: {
    'rel:00903hb7': {
      id: 'rel:00903hb7',
      src: 'D:\\dev\\GitHub\\project\\pro_pptwrite\\商业计划书汇报\\.cache\\media\\images\\ce4f590f7717dbe2b0f773bb40268527.svg'
    }
  },
  videos: {},
  audios: {},
  fonts: {}
}
[2026-08-16 13:11:59.985] [INFO ] [pid=5100] [commit] commit send pageId=16140d targetIndex=12 version=30 baseVersion=46 revisionBytes=22668
[2026-08-16 13:11:59.992] [INFO ] [pid=5100] [commit] commit ok pageId=16140d revisionId=88b8a9cf ms=6
[2026-08-16 13:11:59.993] [INFO ] [pid=5100] [backend-ops] addSlideAt ok pageId=13_asset slideId=16140d index=12 version=30 baseVersion=46 revisionId=88b8a9cf code=0 images=[local=1 remote=0 cached=0 failed=0] ms=53
[2026-08-16 13:11:59.994] [INFO ] [pid=5100] [sync] step=add round=19 attempt=2 pageId=14_sec05 index=13
[2026-08-16 13:11:59.994] [INFO ] [pid=5100] [backend-ops] addSlideAt start pageId=14_sec05 index=13
[2026-08-16 13:11:59.995] [INFO ] [pid=5100] [render] start pageId=14_sec05 file=D:\dev\GitHub\project\pro_pptwrite\商业计划书汇报\slides\14_sec05.slide
[2026-08-16 13:12:00.003] [INFO ] [pid=5100] [render] ok pageId=14_sec05 slides=1 ms=8
[2026-08-16 13:12:00.003] [INFO ] [pid=5100] [render] renderSlideData result.resources={
  images: {
    'rel:00a3di1e': {
      id: 'rel:00a3di1e',
      src: 'D:\\dev\\GitHub\\project\\pro_pptwrite\\商业计划书汇报\\.cache\\media\\images\\c59b3a6438c5f7e99e91d5e3714d3493.svg'
    }
  },
  videos: {},
  audios: {},
  fonts: {}
}
[2026-08-16 13:12:00.005] [INFO ] [pid=5100] [commit] commit send pageId=97a6f1 targetIndex=13 version=31 baseVersion=47 revisionBytes=7556
[2026-08-16 13:12:00.011] [INFO ] [pid=5100] [commit] commit ok pageId=97a6f1 revisionId=135dd75c ms=5
[2026-08-16 13:12:00.012] [INFO ] [pid=5100] [backend-ops] addSlideAt ok pageId=14_sec05 slideId=97a6f1 index=13 version=31 baseVersion=47 revisionId=135dd75c code=0 images=[local=1 remote=0 cached=0 failed=0] ms=18
[2026-08-16 13:12:00.012] [INFO ] [pid=5100] [sync] step=add round=19 attempt=2 pageId=15_huwai index=14
[2026-08-16 13:12:00.012] [INFO ] [pid=5100] [backend-ops] addSlideAt start pageId=15_huwai index=14
[2026-08-16 13:12:00.013] [INFO ] [pid=5100] [render] start pageId=15_huwai file=D:\dev\GitHub\project\pro_pptwrite\商业计划书汇报\slides\15_huwai.slide
[2026-08-16 13:12:00.051] [INFO ] [pid=5100] [render] ok pageId=15_huwai slides=1 ms=38
[2026-08-16 13:12:00.051] [INFO ] [pid=5100] [render] renderSlideData result.resources={
  images: {
    'rel:00lybjgo': {
      id: 'rel:00lybjgo',
      src: 'D:\\dev\\GitHub\\project\\pro_pptwrite\\商业计划书汇报\\.cache\\media\\images\\42a8fbf9ddc21efb50846f720d1eeca7.svg'
    },
    'rel:01t00ro0': {
      id: 'rel:01t00ro0',
      src: 'D:\\dev\\GitHub\\project\\pro_pptwrite\\商业计划书汇报\\.cache\\media\\images\\17eb3327244fbdc7b47ddbeca749dd01.svg'
    },
    'rel:00layeaw': {
      id: 'rel:00layeaw',
      src: 'D:\\dev\\GitHub\\project\\pro_pptwrite\\商业计划书汇报\\.cache\\media\\images\\011283cd6eb317099f5c46fa4e656b66.svg'
    }
  },
  videos: {},
  audios: {},
  fonts: {}
}
[2026-08-16 13:12:00.054] [INFO ] [pid=5100] [commit] commit send pageId=133ab9 targetIndex=14 version=32 baseVersion=48 revisionBytes=22556
[2026-08-16 13:12:00.060] [INFO ] [pid=5100] [commit] commit ok pageId=133ab9 revisionId=cdbad67c ms=6
[2026-08-16 13:12:00.062] [INFO ] [pid=5100] [backend-ops] addSlideAt ok pageId=15_huwai slideId=133ab9 index=14 version=32 baseVersion=48 revisionId=cdbad67c code=0 images=[local=3 remote=0 cached=0 failed=0] ms=50
[2026-08-16 13:12:00.062] [INFO ] [pid=5100] [sync] step=add round=19 attempt=2 pageId=16_sec06 index=15
[2026-08-16 13:12:00.063] [INFO ] [pid=5100] [backend-ops] addSlideAt start pageId=16_sec06 index=15
[2026-08-16 13:12:00.063] [INFO ] [pid=5100] [render] start pageId=16_sec06 file=D:\dev\GitHub\project\pro_pptwrite\商业计划书汇报\slides\16_sec06.slide
[2026-08-16 13:12:00.075] [INFO ] [pid=5100] [render] ok pageId=16_sec06 slides=1 ms=12
[2026-08-16 13:12:00.075] [INFO ] [pid=5100] [render] renderSlideData result.resources={
  images: {
    'rel:00a3di1e': {
      id: 'rel:00a3di1e',
      src: 'D:\\dev\\GitHub\\project\\pro_pptwrite\\商业计划书汇报\\.cache\\media\\images\\c59b3a6438c5f7e99e91d5e3714d3493.svg'
    }
  },
  videos: {},
  audios: {},
  fonts: {}
}
[2026-08-16 13:12:00.077] [INFO ] [pid=5100] [commit] commit send pageId=db7f0d targetIndex=15 version=33 baseVersion=49 revisionBytes=7552
[2026-08-16 13:12:00.082] [INFO ] [pid=5100] [commit] commit ok pageId=db7f0d revisionId=8caa0ab4 ms=4
[2026-08-16 13:12:00.082] [INFO ] [pid=5100] [backend-ops] addSlideAt ok pageId=16_sec06 slideId=db7f0d index=15 version=33 baseVersion=49 revisionId=8caa0ab4 code=0 images=[local=1 remote=0 cached=0 failed=0] ms=19
[2026-08-16 13:12:00.083] [INFO ] [pid=5100] [sync] step=add round=19 attempt=2 pageId=17_equity index=16
[2026-08-16 13:12:00.083] [INFO ] [pid=5100] [backend-ops] addSlideAt start pageId=17_equity index=16
[2026-08-16 13:12:00.083] [INFO ] [pid=5100] [render] start pageId=17_equity file=D:\dev\GitHub\project\pro_pptwrite\商业计划书汇报\slides\17_equity.slide
[2026-08-16 13:12:00.106] [INFO ] [pid=5100] [render] ok pageId=17_equity slides=1 ms=23
[2026-08-16 13:12:00.107] [INFO ] [pid=5100] [render] renderSlideData result.resources={ images: {}, videos: {}, audios: {}, fonts: {} }
[2026-08-16 13:12:00.110] [INFO ] [pid=5100] [commit] commit send pageId=63befd targetIndex=16 version=34 baseVersion=50 revisionBytes=15620
[2026-08-16 13:12:00.114] [INFO ] [pid=5100] [commit] commit ok pageId=63befd revisionId=0774c438 ms=4
[2026-08-16 13:12:00.115] [INFO ] [pid=5100] [backend-ops] addSlideAt ok pageId=17_equity slideId=63befd index=16 version=34 baseVersion=50 revisionId=0774c438 code=0 images=[local=0 remote=0 cached=0 failed=0] ms=32
[2026-08-16 13:12:00.116] [INFO ] [pid=5100] [sync] step=add round=19 attempt=2 pageId=18_capital index=17
[2026-08-16 13:12:00.116] [INFO ] [pid=5100] [backend-ops] addSlideAt start pageId=18_capital index=17
[2026-08-16 13:12:00.117] [INFO ] [pid=5100] [render] start pageId=18_capital file=D:\dev\GitHub\project\pro_pptwrite\商业计划书汇报\slides\18_capital.slide
[2026-08-16 13:12:00.118] [WARN ] [pid=5100] [worker] reconcile failed (Error:   x Unterminated string constant
   ,-[1:1]
 1 | <Slide padding={0} style={{ background: '#F4F9F6', fontFamily: "'Source Han Sans SC', 'Microsoft YaHei', sans-serif' }}>
   :                                                                ^^^^^^^^^^^^^^^^^^^^^^^^^^^^^^^^^^^^^^^^^^^^^^^^^^^^^^^^^
 2 |   <Box style={{ position: 'absolute', top: 0, left: 0, right: 0, height: 110, paddingLeft: 60, paddingRight: 60, flexDirection: 'row', alignItems: 'center' }}>
 3 |     <Box style={{ width: 6, height: 44, background: '#0F5C46', borderRadius: 3, marginRight: 18 }} />
 4 |     <Text style={{ fontSize: 34, fontWeight: 'bold', color: '#1C2B24' }}>40% 股权现金入股金额与资金投向</Text>
   `----
  x Expected ',', got 'ident'
   ,-[2:1]
 1 | <Slide padding={0} style={{ background: '#F4F9F6', fontFamily: "'Source Han Sans SC', 'Microsoft YaHei', sans-serif' }}>
 2 |   <Box style={{ position: 'absolute', top: 0, left: 0, right: 0, height: 110, paddingLeft: 60, paddingRight: 60, flexDirection: 'row', alignItems: 'center' }}>
   :        ^^^^^
 3 |     <Box style={{ width: 6, height: 44, background: '#0F5C46', borderRadius: 3, marginRight: 18 }} />
 4 |     <Text style={{ fontSize: 34, fontWeight: 'bold', color: '#1C2B24' }}>40% 股权现金入股金额与资金投向</Text>
 5 |   </Box>
   `----


Caused by:
    Syntax Error); trying soft recovery (purge backend + sync version, no editor restart)
[2026-08-16 13:12:00.121] [INFO ] [pid=5100] [mcp] mcp:slide_get_info send url=http://127.0.0.1:39099/mcp args={"file_id":"3027515C-8470-448E-82A8-857FFEF3E538"}
[2026-08-16 13:12:00.125] [INFO ] [pid=5100] [mcp] mcp:slide_get_info ok ms=3
[2026-08-16 13:12:00.126] [INFO ] [pid=5100] [purge] purge start backendSlideCount=17
[2026-08-16 13:12:00.130] [INFO ] [pid=5100] [mcp] mcp:slide_remove_slide send url=http://127.0.0.1:39099/mcp args={"file_id":"3027515C-8470-448E-82A8-857FFEF3E538","page_index":0}
[2026-08-16 13:12:00.133] [INFO ] [pid=5100] [mcp] mcp:slide_remove_slide ok ms=2
[2026-08-16 13:12:00.135] [INFO ] [pid=5100] [mcp] mcp:slide_remove_slide send url=http://127.0.0.1:39099/mcp args={"file_id":"3027515C-8470-448E-82A8-857FFEF3E538","page_index":0}
[2026-08-16 13:12:00.138] [INFO ] [pid=5100] [mcp] mcp:slide_remove_slide ok ms=2
[2026-08-16 13:12:00.140] [INFO ] [pid=5100] [mcp] mcp:slide_remove_slide send url=http://127.0.0.1:39099/mcp args={"file_id":"3027515C-8470-448E-82A8-857FFEF3E538","page_index":0}
[2026-08-16 13:12:00.142] [INFO ] [pid=5100] [mcp] mcp:slide_remove_slide ok ms=2
[2026-08-16 13:12:00.145] [INFO ] [pid=5100] [mcp] mcp:slide_remove_slide send url=http://127.0.0.1:39099/mcp args={"file_id":"3027515C-8470-448E-82A8-857FFEF3E538","page_index":0}
[2026-08-16 13:12:00.147] [INFO ] [pid=5100] [mcp] mcp:slide_remove_slide ok ms=2
[2026-08-16 13:12:00.149] [INFO ] [pid=5100] [mcp] mcp:slide_remove_slide send url=http://127.0.0.1:39099/mcp args={"file_id":"3027515C-8470-448E-82A8-857FFEF3E538","page_index":0}
[2026-08-16 13:12:00.151] [INFO ] [pid=5100] [mcp] mcp:slide_remove_slide ok ms=2
[2026-08-16 13:12:00.154] [INFO ] [pid=5100] [mcp] mcp:slide_remove_slide send url=http://127.0.0.1:39099/mcp args={"file_id":"3027515C-8470-448E-82A8-857FFEF3E538","page_index":0}
[2026-08-16 13:12:00.157] [INFO ] [pid=5100] [mcp] mcp:slide_remove_slide ok ms=2
[2026-08-16 13:12:00.159] [INFO ] [pid=5100] [mcp] mcp:slide_remove_slide send url=http://127.0.0.1:39099/mcp args={"file_id":"3027515C-8470-448E-82A8-857FFEF3E538","page_index":0}
[2026-08-16 13:12:00.162] [INFO ] [pid=5100] [mcp] mcp:slide_remove_slide ok ms=2
[2026-08-16 13:12:00.164] [INFO ] [pid=5100] [mcp] mcp:slide_remove_slide send url=http://127.0.0.1:39099/mcp args={"file_id":"3027515C-8470-448E-82A8-857FFEF3E538","page_index":0}
[2026-08-16 13:12:00.166] [INFO ] [pid=5100] [mcp] mcp:slide_remove_slide ok ms=2
[2026-08-16 13:12:00.168] [INFO ] [pid=5100] [mcp] mcp:slide_remove_slide send url=http://127.0.0.1:39099/mcp args={"file_id":"3027515C-8470-448E-82A8-857FFEF3E538","page_index":0}
[2026-08-16 13:12:00.171] [INFO ] [pid=5100] [mcp] mcp:slide_remove_slide ok ms=2
[2026-08-16 13:12:00.173] [INFO ] [pid=5100] [mcp] mcp:slide_remove_slide send url=http://127.0.0.1:39099/mcp args={"file_id":"3027515C-8470-448E-82A8-857FFEF3E538","page_index":0}
[2026-08-16 13:12:00.175] [INFO ] [pid=5100] [mcp] mcp:slide_remove_slide ok ms=2
[2026-08-16 13:12:00.177] [INFO ] [pid=5100] [mcp] mcp:slide_remove_slide send url=http://127.0.0.1:39099/mcp args={"file_id":"3027515C-8470-448E-82A8-857FFEF3E538","page_index":0}
[2026-08-16 13:12:00.179] [INFO ] [pid=5100] [mcp] mcp:slide_remove_slide ok ms=2
[2026-08-16 13:12:00.181] [INFO ] [pid=5100] [mcp] mcp:slide_remove_slide send url=http://127.0.0.1:39099/mcp args={"file_id":"3027515C-8470-448E-82A8-857FFEF3E538","page_index":0}
[2026-08-16 13:12:00.184] [INFO ] [pid=5100] [mcp] mcp:slide_remove_slide ok ms=2
[2026-08-16 13:12:00.186] [INFO ] [pid=5100] [mcp] mcp:slide_remove_slide send url=http://127.0.0.1:39099/mcp args={"file_id":"3027515C-8470-448E-82A8-857FFEF3E538","page_index":0}
[2026-08-16 13:12:00.189] [INFO ] [pid=5100] [mcp] mcp:slide_remove_slide ok ms=2
[2026-08-16 13:12:00.191] [INFO ] [pid=5100] [mcp] mcp:slide_remove_slide send url=http://127.0.0.1:39099/mcp args={"file_id":"3027515C-8470-448E-82A8-857FFEF3E538","page_index":0}
[2026-08-16 13:12:00.194] [INFO ] [pid=5100] [mcp] mcp:slide_remove_slide ok ms=2
[2026-08-16 13:12:00.196] [INFO ] [pid=5100] [mcp] mcp:slide_remove_slide send url=http://127.0.0.1:39099/mcp args={"file_id":"3027515C-8470-448E-82A8-857FFEF3E538","page_index":0}
[2026-08-16 13:12:00.198] [INFO ] [pid=5100] [mcp] mcp:slide_remove_slide ok ms=2
[2026-08-16 13:12:00.200] [INFO ] [pid=5100] [mcp] mcp:slide_remove_slide send url=http://127.0.0.1:39099/mcp args={"file_id":"3027515C-8470-448E-82A8-857FFEF3E538","page_index":0}
[2026-08-16 13:12:00.203] [INFO ] [pid=5100] [mcp] mcp:slide_remove_slide ok ms=2
[2026-08-16 13:12:00.205] [INFO ] [pid=5100] [mcp] mcp:slide_remove_slide send url=http://127.0.0.1:39099/mcp args={"file_id":"3027515C-8470-448E-82A8-857FFEF3E538","page_index":0}
[2026-08-16 13:12:00.207] [INFO ] [pid=5100] [mcp] mcp:slide_remove_slide ok ms=2
[2026-08-16 13:12:00.208] [INFO ] [pid=5100] [purge] purge ok removed=17 ms=90
[2026-08-16 13:12:00.209] [INFO ] [pid=5100] [mcp] mcp:slide_get_info send url=http://127.0.0.1:39099/mcp args={"file_id":"3027515C-8470-448E-82A8-857FFEF3E538"}
[2026-08-16 13:12:00.212] [INFO ] [pid=5100] [mcp] mcp:slide_get_info ok ms=1
[2026-08-16 13:12:00.212] [INFO ] [pid=5100] [backend-ops] seedServerVersion from=51 to=68
[2026-08-16 13:12:00.212] [INFO ] [pid=5100] [worker] recovery (soft) ok: purged=17 backendNow=0page(s) version=68, view reset; reconcile will redo full sync
[2026-08-16 13:12:00.212] [INFO ] [pid=5100] [sync] reconcile FAIL but recovered via onReconcileFailure round=19 attempt=2 (recovery 2/2) ms=809; re-running reconcile
[2026-08-16 13:12:00.212] [INFO ] [pid=5100] [sync] step=add round=19 attempt=3 pageId=01_cover index=0
[2026-08-16 13:12:00.213] [INFO ] [pid=5100] [backend-ops] addSlideAt start pageId=01_cover index=0
[2026-08-16 13:12:00.213] [INFO ] [pid=5100] [render] start pageId=01_cover file=D:\dev\GitHub\project\pro_pptwrite\商业计划书汇报\slides\01_cover.slide
[2026-08-16 13:12:00.231] [INFO ] [pid=5100] [render] ok pageId=01_cover slides=1 ms=18
[2026-08-16 13:12:00.231] [INFO ] [pid=5100] [render] renderSlideData result.resources={
  images: {
    'rel:014s7qs3': {
      id: 'rel:014s7qs3',
      src: 'D:\\dev\\GitHub\\project\\pro_pptwrite\\商业计划书汇报\\.cache\\media\\images\\bdc7b1f0c2ef803900dd8074d3c8bd0d.svg'
    }
  },
  videos: {},
  audios: {},
  fonts: {}
}
[2026-08-16 13:12:00.235] [INFO ] [pid=5100] [commit] commit send pageId=c940e8 targetIndex=0 version=35 baseVersion=68 revisionBytes=13392
[2026-08-16 13:12:00.242] [INFO ] [pid=5100] [commit] commit ok pageId=c940e8 revisionId=60077369 ms=7
[2026-08-16 13:12:00.243] [INFO ] [pid=5100] [backend-ops] addSlideAt ok pageId=01_cover slideId=c940e8 index=0 version=35 baseVersion=68 revisionId=60077369 code=0 images=[local=1 remote=0 cached=0 failed=0] ms=30
[2026-08-16 13:12:00.243] [INFO ] [pid=5100] [sync] step=add round=19 attempt=3 pageId=02_catalog index=1
[2026-08-16 13:12:00.244] [INFO ] [pid=5100] [backend-ops] addSlideAt start pageId=02_catalog index=1
[2026-08-16 13:12:00.244] [INFO ] [pid=5100] [render] start pageId=02_catalog file=D:\dev\GitHub\project\pro_pptwrite\商业计划书汇报\slides\02_catalog.slide
[2026-08-16 13:12:00.302] [INFO ] [pid=5100] [render] ok pageId=02_catalog slides=1 ms=58
[2026-08-16 13:12:00.303] [INFO ] [pid=5100] [render] renderSlideData result.resources={ images: {}, videos: {}, audios: {}, fonts: {} }
[2026-08-16 13:12:00.309] [INFO ] [pid=5100] [commit] commit send pageId=ff0ffe targetIndex=1 version=36 baseVersion=69 revisionBytes=40492
[2026-08-16 13:12:00.316] [INFO ] [pid=5100] [commit] commit ok pageId=ff0ffe revisionId=1ac1b0c6 ms=7
[2026-08-16 13:12:00.318] [INFO ] [pid=5100] [backend-ops] addSlideAt ok pageId=02_catalog slideId=ff0ffe index=1 version=36 baseVersion=69 revisionId=1ac1b0c6 code=0 images=[local=0 remote=0 cached=0 failed=0] ms=74
[2026-08-16 13:12:00.319] [INFO ] [pid=5100] [sync] step=add round=19 attempt=3 pageId=03_sec01 index=2
[2026-08-16 13:12:00.319] [INFO ] [pid=5100] [backend-ops] addSlideAt start pageId=03_sec01 index=2
[2026-08-16 13:12:00.320] [INFO ] [pid=5100] [render] start pageId=03_sec01 file=D:\dev\GitHub\project\pro_pptwrite\商业计划书汇报\slides\03_sec01.slide
[2026-08-16 13:12:00.331] [INFO ] [pid=5100] [render] ok pageId=03_sec01 slides=1 ms=11
[2026-08-16 13:12:00.332] [INFO ] [pid=5100] [render] renderSlideData result.resources={
  images: {
    'rel:00a3di1e': {
      id: 'rel:00a3di1e',
      src: 'D:\\dev\\GitHub\\project\\pro_pptwrite\\商业计划书汇报\\.cache\\media\\images\\c59b3a6438c5f7e99e91d5e3714d3493.svg'
    }
  },
  videos: {},
  audios: {},
  fonts: {}
}
[2026-08-16 13:12:00.335] [INFO ] [pid=5100] [commit] commit send pageId=cae44f targetIndex=2 version=37 baseVersion=70 revisionBytes=7588
[2026-08-16 13:12:00.340] [INFO ] [pid=5100] [commit] commit ok pageId=cae44f revisionId=02f6662a ms=4
[2026-08-16 13:12:00.341] [INFO ] [pid=5100] [backend-ops] addSlideAt ok pageId=03_sec01 slideId=cae44f index=2 version=37 baseVersion=70 revisionId=02f6662a code=0 images=[local=1 remote=0 cached=0 failed=0] ms=22
[2026-08-16 13:12:00.342] [INFO ] [pid=5100] [sync] step=add round=19 attempt=3 pageId=04_summary_core index=3
[2026-08-16 13:12:00.342] [INFO ] [pid=5100] [backend-ops] addSlideAt start pageId=04_summary_core index=3
[2026-08-16 13:12:00.342] [INFO ] [pid=5100] [render] start pageId=04_summary_core file=D:\dev\GitHub\project\pro_pptwrite\商业计划书汇报\slides\04_summary_core.slide
[2026-08-16 13:12:00.377] [INFO ] [pid=5100] [render] ok pageId=04_summary_core slides=1 ms=35
[2026-08-16 13:12:00.377] [INFO ] [pid=5100] [render] renderSlideData result.resources={ images: {}, videos: {}, audios: {}, fonts: {} }
[2026-08-16 13:12:00.382] [INFO ] [pid=5100] [commit] commit send pageId=7e597a targetIndex=3 version=38 baseVersion=71 revisionBytes=21908
[2026-08-16 13:12:00.388] [INFO ] [pid=5100] [commit] commit ok pageId=7e597a revisionId=1b9349e7 ms=5
[2026-08-16 13:12:00.390] [INFO ] [pid=5100] [backend-ops] addSlideAt ok pageId=04_summary_core slideId=7e597a index=3 version=38 baseVersion=71 revisionId=1b9349e7 code=0 images=[local=0 remote=0 cached=0 failed=0] ms=48
[2026-08-16 13:12:00.390] [INFO ] [pid=5100] [sync] step=add round=19 attempt=3 pageId=05_summary_value index=4
[2026-08-16 13:12:00.391] [INFO ] [pid=5100] [backend-ops] addSlideAt start pageId=05_summary_value index=4
[2026-08-16 13:12:00.391] [INFO ] [pid=5100] [render] start pageId=05_summary_value file=D:\dev\GitHub\project\pro_pptwrite\商业计划书汇报\slides\05_summary_value.slide
[2026-08-16 13:12:00.413] [INFO ] [pid=5100] [render] ok pageId=05_summary_value slides=1 ms=22
[2026-08-16 13:12:00.413] [INFO ] [pid=5100] [render] renderSlideData result.resources={ images: {}, videos: {}, audios: {}, fonts: {} }
[2026-08-16 13:12:00.416] [INFO ] [pid=5100] [commit] commit send pageId=e23d87 targetIndex=4 version=39 baseVersion=72 revisionBytes=18844
[2026-08-16 13:12:00.421] [INFO ] [pid=5100] [commit] commit ok pageId=e23d87 revisionId=37821793 ms=5
[2026-08-16 13:12:00.423] [INFO ] [pid=5100] [backend-ops] addSlideAt ok pageId=05_summary_value slideId=e23d87 index=4 version=39 baseVersion=72 revisionId=37821793 code=0 images=[local=0 remote=0 cached=0 failed=0] ms=32
[2026-08-16 13:12:00.423] [INFO ] [pid=5100] [sync] step=add round=19 attempt=3 pageId=06_sec02 index=5
[2026-08-16 13:12:00.424] [INFO ] [pid=5100] [backend-ops] addSlideAt start pageId=06_sec02 index=5
[2026-08-16 13:12:00.424] [INFO ] [pid=5100] [render] start pageId=06_sec02 file=D:\dev\GitHub\project\pro_pptwrite\商业计划书汇报\slides\06_sec02.slide
[2026-08-16 13:12:00.435] [INFO ] [pid=5100] [render] ok pageId=06_sec02 slides=1 ms=11
[2026-08-16 13:12:00.435] [INFO ] [pid=5100] [render] renderSlideData result.resources={
  images: {
    'rel:00a3di1e': {
      id: 'rel:00a3di1e',
      src: 'D:\\dev\\GitHub\\project\\pro_pptwrite\\商业计划书汇报\\.cache\\media\\images\\c59b3a6438c5f7e99e91d5e3714d3493.svg'
    }
  },
  videos: {},
  audios: {},
  fonts: {}
}
[2026-08-16 13:12:00.438] [INFO ] [pid=5100] [commit] commit send pageId=a9a5d4 targetIndex=5 version=40 baseVersion=73 revisionBytes=7596
[2026-08-16 13:12:00.443] [INFO ] [pid=5100] [commit] commit ok pageId=a9a5d4 revisionId=9746ce44 ms=5
[2026-08-16 13:12:00.444] [INFO ] [pid=5100] [backend-ops] addSlideAt ok pageId=06_sec02 slideId=a9a5d4 index=5 version=40 baseVersion=73 revisionId=9746ce44 code=0 images=[local=1 remote=0 cached=0 failed=0] ms=20
[2026-08-16 13:12:00.445] [INFO ] [pid=5100] [sync] step=add round=19 attempt=3 pageId=07_origin index=6
[2026-08-16 13:12:00.445] [INFO ] [pid=5100] [backend-ops] addSlideAt start pageId=07_origin index=6
[2026-08-16 13:12:00.445] [INFO ] [pid=5100] [render] start pageId=07_origin file=D:\dev\GitHub\project\pro_pptwrite\商业计划书汇报\slides\07_origin.slide
[2026-08-16 13:12:00.488] [INFO ] [pid=5100] [render] ok pageId=07_origin slides=1 ms=43
[2026-08-16 13:12:00.489] [INFO ] [pid=5100] [render] renderSlideData result.resources={ images: {}, videos: {}, audios: {}, fonts: {} }
[2026-08-16 13:12:00.492] [INFO ] [pid=5100] [commit] commit send pageId=46ea10 targetIndex=6 version=41 baseVersion=74 revisionBytes=24736
[2026-08-16 13:12:00.499] [INFO ] [pid=5100] [commit] commit ok pageId=46ea10 revisionId=6adda7d6 ms=5
[2026-08-16 13:12:00.501] [INFO ] [pid=5100] [backend-ops] addSlideAt ok pageId=07_origin slideId=46ea10 index=6 version=41 baseVersion=74 revisionId=6adda7d6 code=0 images=[local=0 remote=0 cached=0 failed=0] ms=56
[2026-08-16 13:12:00.501] [INFO ] [pid=5100] [sync] step=add round=19 attempt=3 pageId=08_sec03 index=7
[2026-08-16 13:12:00.502] [INFO ] [pid=5100] [backend-ops] addSlideAt start pageId=08_sec03 index=7
[2026-08-16 13:12:00.502] [INFO ] [pid=5100] [render] start pageId=08_sec03 file=D:\dev\GitHub\project\pro_pptwrite\商业计划书汇报\slides\08_sec03.slide
[2026-08-16 13:12:00.510] [INFO ] [pid=5100] [render] ok pageId=08_sec03 slides=1 ms=8
[2026-08-16 13:12:00.510] [INFO ] [pid=5100] [render] renderSlideData result.resources={
  images: {
    'rel:00a3di1e': {
      id: 'rel:00a3di1e',
      src: 'D:\\dev\\GitHub\\project\\pro_pptwrite\\商业计划书汇报\\.cache\\media\\images\\c59b3a6438c5f7e99e91d5e3714d3493.svg'
    }
  },
  videos: {},
  audios: {},
  fonts: {}
}
[2026-08-16 13:12:00.513] [INFO ] [pid=5100] [commit] commit send pageId=2050c8 targetIndex=7 version=42 baseVersion=75 revisionBytes=7540
[2026-08-16 13:12:00.517] [INFO ] [pid=5100] [commit] commit ok pageId=2050c8 revisionId=9669d055 ms=4
[2026-08-16 13:12:00.519] [INFO ] [pid=5100] [backend-ops] addSlideAt ok pageId=08_sec03 slideId=2050c8 index=7 version=42 baseVersion=75 revisionId=9669d055 code=0 images=[local=1 remote=0 cached=0 failed=0] ms=17
[2026-08-16 13:12:00.519] [INFO ] [pid=5100] [sync] step=add round=19 attempt=3 pageId=09_market index=8
[2026-08-16 13:12:00.520] [INFO ] [pid=5100] [backend-ops] addSlideAt start pageId=09_market index=8
[2026-08-16 13:12:00.520] [INFO ] [pid=5100] [render] start pageId=09_market file=D:\dev\GitHub\project\pro_pptwrite\商业计划书汇报\slides\09_market.slide
[2026-08-16 13:12:00.541] [INFO ] [pid=5100] [render] ok pageId=09_market slides=1 ms=21
[2026-08-16 13:12:00.542] [INFO ] [pid=5100] [render] renderSlideData result.resources={ images: {}, videos: {}, audios: {}, fonts: {} }
[2026-08-16 13:12:00.545] [INFO ] [pid=5100] [commit] commit send pageId=d0a076 targetIndex=8 version=43 baseVersion=76 revisionBytes=18420
[2026-08-16 13:12:00.550] [INFO ] [pid=5100] [commit] commit ok pageId=d0a076 revisionId=21cd7c15 ms=5
[2026-08-16 13:12:00.551] [INFO ] [pid=5100] [backend-ops] addSlideAt ok pageId=09_market slideId=d0a076 index=8 version=43 baseVersion=76 revisionId=21cd7c15 code=0 images=[local=0 remote=0 cached=0 failed=0] ms=31
[2026-08-16 13:12:00.551] [INFO ] [pid=5100] [sync] step=add round=19 attempt=3 pageId=10_advantage index=9
[2026-08-16 13:12:00.551] [INFO ] [pid=5100] [backend-ops] addSlideAt start pageId=10_advantage index=9
[2026-08-16 13:12:00.552] [INFO ] [pid=5100] [render] start pageId=10_advantage file=D:\dev\GitHub\project\pro_pptwrite\商业计划书汇报\slides\10_advantage.slide
[2026-08-16 13:12:00.603] [INFO ] [pid=5100] [render] ok pageId=10_advantage slides=1 ms=51
[2026-08-16 13:12:00.603] [INFO ] [pid=5100] [render] renderSlideData result.resources={
  images: {
    'rel:00bszdp3': {
      id: 'rel:00bszdp3',
      src: 'D:\\dev\\GitHub\\project\\pro_pptwrite\\商业计划书汇报\\.cache\\media\\images\\8268ce7d54681faf3f7e802699ed99f4.svg'
    },
    'rel:00vxkut0': {
      id: 'rel:00vxkut0',
      src: 'D:\\dev\\GitHub\\project\\pro_pptwrite\\商业计划书汇报\\.cache\\media\\images\\a42d2da9f2ce364500f660d6d7fbe44f.svg'
    }
  },
  videos: {},
  audios: {},
  fonts: {}
}
[2026-08-16 13:12:00.606] [INFO ] [pid=5100] [commit] commit send pageId=74abae targetIndex=9 version=44 baseVersion=77 revisionBytes=25172
[2026-08-16 13:12:00.614] [INFO ] [pid=5100] [commit] commit ok pageId=74abae revisionId=61c7d384 ms=7
[2026-08-16 13:12:00.616] [INFO ] [pid=5100] [backend-ops] addSlideAt ok pageId=10_advantage slideId=74abae index=9 version=44 baseVersion=77 revisionId=61c7d384 code=0 images=[local=2 remote=0 cached=0 failed=0] ms=65
[2026-08-16 13:12:00.616] [INFO ] [pid=5100] [sync] step=add round=19 attempt=3 pageId=11_sec04 index=10
[2026-08-16 13:12:00.617] [INFO ] [pid=5100] [backend-ops] addSlideAt start pageId=11_sec04 index=10
[2026-08-16 13:12:00.617] [INFO ] [pid=5100] [render] start pageId=11_sec04 file=D:\dev\GitHub\project\pro_pptwrite\商业计划书汇报\slides\11_sec04.slide
[2026-08-16 13:12:00.627] [INFO ] [pid=5100] [render] ok pageId=11_sec04 slides=1 ms=10
[2026-08-16 13:12:00.628] [INFO ] [pid=5100] [render] renderSlideData result.resources={
  images: {
    'rel:00a3di1e': {
      id: 'rel:00a3di1e',
      src: 'D:\\dev\\GitHub\\project\\pro_pptwrite\\商业计划书汇报\\.cache\\media\\images\\c59b3a6438c5f7e99e91d5e3714d3493.svg'
    }
  },
  videos: {},
  audios: {},
  fonts: {}
}
[2026-08-16 13:12:00.630] [INFO ] [pid=5100] [commit] commit send pageId=b680bd targetIndex=10 version=45 baseVersion=78 revisionBytes=7548
[2026-08-16 13:12:00.634] [INFO ] [pid=5100] [commit] commit ok pageId=b680bd revisionId=a7ddc7d9 ms=4
[2026-08-16 13:12:00.635] [INFO ] [pid=5100] [backend-ops] addSlideAt ok pageId=11_sec04 slideId=b680bd index=10 version=45 baseVersion=78 revisionId=a7ddc7d9 code=0 images=[local=1 remote=0 cached=0 failed=0] ms=18
[2026-08-16 13:12:00.636] [INFO ] [pid=5100] [sync] step=add round=19 attempt=3 pageId=12_company index=11
[2026-08-16 13:12:00.636] [INFO ] [pid=5100] [backend-ops] addSlideAt start pageId=12_company index=11
[2026-08-16 13:12:00.637] [INFO ] [pid=5100] [render] start pageId=12_company file=D:\dev\GitHub\project\pro_pptwrite\商业计划书汇报\slides\12_company.slide
[2026-08-16 13:12:00.668] [INFO ] [pid=5100] [render] ok pageId=12_company slides=1 ms=32
[2026-08-16 13:12:00.669] [INFO ] [pid=5100] [render] renderSlideData result.resources={ images: {}, videos: {}, audios: {}, fonts: {} }
[2026-08-16 13:12:00.672] [INFO ] [pid=5100] [commit] commit send pageId=a2b440 targetIndex=11 version=46 baseVersion=79 revisionBytes=22708
[2026-08-16 13:12:00.678] [INFO ] [pid=5100] [commit] commit ok pageId=a2b440 revisionId=228822de ms=5
[2026-08-16 13:12:00.679] [INFO ] [pid=5100] [backend-ops] addSlideAt ok pageId=12_company slideId=a2b440 index=11 version=46 baseVersion=79 revisionId=228822de code=0 images=[local=0 remote=0 cached=0 failed=0] ms=43
[2026-08-16 13:12:00.679] [INFO ] [pid=5100] [sync] step=add round=19 attempt=3 pageId=13_asset index=12
[2026-08-16 13:12:00.680] [INFO ] [pid=5100] [backend-ops] addSlideAt start pageId=13_asset index=12
[2026-08-16 13:12:00.680] [INFO ] [pid=5100] [render] start pageId=13_asset file=D:\dev\GitHub\project\pro_pptwrite\商业计划书汇报\slides\13_asset.slide
[2026-08-16 13:12:00.733] [INFO ] [pid=5100] [render] ok pageId=13_asset slides=1 ms=53
[2026-08-16 13:12:00.734] [INFO ] [pid=5100] [render] renderSlideData result.resources={
  images: {
    'rel:00903hb7': {
      id: 'rel:00903hb7',
      src: 'D:\\dev\\GitHub\\project\\pro_pptwrite\\商业计划书汇报\\.cache\\media\\images\\ce4f590f7717dbe2b0f773bb40268527.svg'
    }
  },
  videos: {},
  audios: {},
  fonts: {}
}
[2026-08-16 13:12:00.738] [INFO ] [pid=5100] [commit] commit send pageId=47b940 targetIndex=12 version=47 baseVersion=80 revisionBytes=22668
[2026-08-16 13:12:00.745] [INFO ] [pid=5100] [commit] commit ok pageId=47b940 revisionId=03d5236b ms=6
[2026-08-16 13:12:00.746] [INFO ] [pid=5100] [backend-ops] addSlideAt ok pageId=13_asset slideId=47b940 index=12 version=47 baseVersion=80 revisionId=03d5236b code=0 images=[local=1 remote=0 cached=0 failed=0] ms=66
[2026-08-16 13:12:00.746] [INFO ] [pid=5100] [sync] step=add round=19 attempt=3 pageId=14_sec05 index=13
[2026-08-16 13:12:00.746] [INFO ] [pid=5100] [backend-ops] addSlideAt start pageId=14_sec05 index=13
[2026-08-16 13:12:00.746] [INFO ] [pid=5100] [render] start pageId=14_sec05 file=D:\dev\GitHub\project\pro_pptwrite\商业计划书汇报\slides\14_sec05.slide
[2026-08-16 13:12:00.757] [INFO ] [pid=5100] [render] ok pageId=14_sec05 slides=1 ms=11
[2026-08-16 13:12:00.757] [INFO ] [pid=5100] [render] renderSlideData result.resources={
  images: {
    'rel:00a3di1e': {
      id: 'rel:00a3di1e',
      src: 'D:\\dev\\GitHub\\project\\pro_pptwrite\\商业计划书汇报\\.cache\\media\\images\\c59b3a6438c5f7e99e91d5e3714d3493.svg'
    }
  },
  videos: {},
  audios: {},
  fonts: {}
}
[2026-08-16 13:12:00.759] [INFO ] [pid=5100] [commit] commit send pageId=4eca43 targetIndex=13 version=48 baseVersion=81 revisionBytes=7548
[2026-08-16 13:12:00.764] [INFO ] [pid=5100] [commit] commit ok pageId=4eca43 revisionId=ebb913fc ms=5
[2026-08-16 13:12:00.765] [INFO ] [pid=5100] [backend-ops] addSlideAt ok pageId=14_sec05 slideId=4eca43 index=13 version=48 baseVersion=81 revisionId=ebb913fc code=0 images=[local=1 remote=0 cached=0 failed=0] ms=19
[2026-08-16 13:12:00.765] [INFO ] [pid=5100] [sync] step=add round=19 attempt=3 pageId=15_huwai index=14
[2026-08-16 13:12:00.765] [INFO ] [pid=5100] [backend-ops] addSlideAt start pageId=15_huwai index=14
[2026-08-16 13:12:00.766] [INFO ] [pid=5100] [render] start pageId=15_huwai file=D:\dev\GitHub\project\pro_pptwrite\商业计划书汇报\slides\15_huwai.slide
[2026-08-16 13:12:00.804] [INFO ] [pid=5100] [render] ok pageId=15_huwai slides=1 ms=38
[2026-08-16 13:12:00.805] [INFO ] [pid=5100] [render] renderSlideData result.resources={
  images: {
    'rel:00lybjgo': {
      id: 'rel:00lybjgo',
      src: 'D:\\dev\\GitHub\\project\\pro_pptwrite\\商业计划书汇报\\.cache\\media\\images\\42a8fbf9ddc21efb50846f720d1eeca7.svg'
    },
    'rel:01t00ro0': {
      id: 'rel:01t00ro0',
      src: 'D:\\dev\\GitHub\\project\\pro_pptwrite\\商业计划书汇报\\.cache\\media\\images\\17eb3327244fbdc7b47ddbeca749dd01.svg'
    },
    'rel:00layeaw': {
      id: 'rel:00layeaw',
      src: 'D:\\dev\\GitHub\\project\\pro_pptwrite\\商业计划书汇报\\.cache\\media\\images\\011283cd6eb317099f5c46fa4e656b66.svg'
    }
  },
  videos: {},
  audios: {},
  fonts: {}
}
[2026-08-16 13:12:00.807] [INFO ] [pid=5100] [commit] commit send pageId=a1dbb1 targetIndex=14 version=49 baseVersion=82 revisionBytes=22548
[2026-08-16 13:12:00.816] [INFO ] [pid=5100] [commit] commit ok pageId=a1dbb1 revisionId=a2b43bb0 ms=8
[2026-08-16 13:12:00.817] [INFO ] [pid=5100] [backend-ops] addSlideAt ok pageId=15_huwai slideId=a1dbb1 index=14 version=49 baseVersion=82 revisionId=a2b43bb0 code=0 images=[local=3 remote=0 cached=0 failed=0] ms=52
[2026-08-16 13:12:00.818] [INFO ] [pid=5100] [sync] step=add round=19 attempt=3 pageId=16_sec06 index=15
[2026-08-16 13:12:00.818] [INFO ] [pid=5100] [backend-ops] addSlideAt start pageId=16_sec06 index=15
[2026-08-16 13:12:00.819] [INFO ] [pid=5100] [render] start pageId=16_sec06 file=D:\dev\GitHub\project\pro_pptwrite\商业计划书汇报\slides\16_sec06.slide
[2026-08-16 13:12:00.828] [INFO ] [pid=5100] [render] ok pageId=16_sec06 slides=1 ms=9
[2026-08-16 13:12:00.828] [INFO ] [pid=5100] [render] renderSlideData result.resources={
  images: {
    'rel:00a3di1e': {
      id: 'rel:00a3di1e',
      src: 'D:\\dev\\GitHub\\project\\pro_pptwrite\\商业计划书汇报\\.cache\\media\\images\\c59b3a6438c5f7e99e91d5e3714d3493.svg'
    }
  },
  videos: {},
  audios: {},
  fonts: {}
}
[2026-08-16 13:12:00.832] [INFO ] [pid=5100] [commit] commit send pageId=2e75de targetIndex=15 version=50 baseVersion=83 revisionBytes=7548
[2026-08-16 13:12:00.838] [INFO ] [pid=5100] [commit] commit ok pageId=2e75de revisionId=93371241 ms=5
[2026-08-16 13:12:00.839] [INFO ] [pid=5100] [backend-ops] addSlideAt ok pageId=16_sec06 slideId=2e75de index=15 version=50 baseVersion=83 revisionId=93371241 code=0 images=[local=1 remote=0 cached=0 failed=0] ms=21
[2026-08-16 13:12:00.840] [INFO ] [pid=5100] [sync] step=add round=19 attempt=3 pageId=17_equity index=16
[2026-08-16 13:12:00.840] [INFO ] [pid=5100] [backend-ops] addSlideAt start pageId=17_equity index=16
[2026-08-16 13:12:00.841] [INFO ] [pid=5100] [render] start pageId=17_equity file=D:\dev\GitHub\project\pro_pptwrite\商业计划书汇报\slides\17_equity.slide
[2026-08-16 13:12:00.861] [INFO ] [pid=5100] [render] ok pageId=17_equity slides=1 ms=20
[2026-08-16 13:12:00.861] [INFO ] [pid=5100] [render] renderSlideData result.resources={ images: {}, videos: {}, audios: {}, fonts: {} }
[2026-08-16 13:12:00.864] [INFO ] [pid=5100] [commit] commit send pageId=da6f63 targetIndex=16 version=51 baseVersion=84 revisionBytes=15616
[2026-08-16 13:12:00.869] [INFO ] [pid=5100] [commit] commit ok pageId=da6f63 revisionId=70c525b5 ms=4
[2026-08-16 13:12:00.871] [INFO ] [pid=5100] [backend-ops] addSlideAt ok pageId=17_equity slideId=da6f63 index=16 version=51 baseVersion=84 revisionId=70c525b5 code=0 images=[local=0 remote=0 cached=0 failed=0] ms=31
[2026-08-16 13:12:00.871] [INFO ] [pid=5100] [sync] step=add round=19 attempt=3 pageId=18_capital index=17
[2026-08-16 13:12:00.872] [INFO ] [pid=5100] [backend-ops] addSlideAt start pageId=18_capital index=17
[2026-08-16 13:12:00.872] [INFO ] [pid=5100] [render] start pageId=18_capital file=D:\dev\GitHub\project\pro_pptwrite\商业计划书汇报\slides\18_capital.slide
[2026-08-16 13:12:00.873] [WARN ] [pid=5100] [sync] recovery budget exhausted round=19 (2/2); falling back to failure throttle
[2026-08-16 13:12:00.873] [ERROR] [pid=5100] [sync] reconcile FAIL round=19 attempt=3 (1/5) ms=661 Error:   x Unterminated string constant
   ,-[1:1]
 1 | <Slide padding={0} style={{ background: '#F4F9F6', fontFamily: "'Source Han Sans SC', 'Microsoft YaHei', sans-serif' }}>
   :                                                                ^^^^^^^^^^^^^^^^^^^^^^^^^^^^^^^^^^^^^^^^^^^^^^^^^^^^^^^^^
 2 |   <Box style={{ position: 'absolute', top: 0, left: 0, right: 0, height: 110, paddingLeft: 60, paddingRight: 60, flexDirection: 'row', alignItems: 'center' }}>
 3 |     <Box style={{ width: 6, height: 44, background: '#0F5C46', borderRadius: 3, marginRight: 18 }} />
 4 |     <Text style={{ fontSize: 34, fontWeight: 'bold', color: '#1C2B24' }}>40% 股权现金入股金额与资金投向</Text>
   `----
  x Expected ',', got 'ident'
   ,-[2:1]
 1 | <Slide padding={0} style={{ background: '#F4F9F6', fontFamily: "'Source Han Sans SC', 'Microsoft YaHei', sans-serif' }}>
 2 |   <Box style={{ position: 'absolute', top: 0, left: 0, right: 0, height: 110, paddingLeft: 60, paddingRight: 60, flexDirection: 'row', alignItems: 'center' }}>
   :        ^^^^^
 3 |     <Box style={{ width: 6, height: 44, background: '#0F5C46', borderRadius: 3, marginRight: 18 }} />
 4 |     <Text style={{ fontSize: 34, fontWeight: 'bold', color: '#1C2B24' }}>40% 股权现金入股金额与资金投向</Text>
 5 |   </Box>
   `----


Caused by:
    Syntax Error
    at Compiler.parseSync (C:\Users\Administrator\.workbuddy\binaries\node\versions\22.22.2\node_modules\@tencent\slidep\node_modules\@swc\core\index.js:202:46)
    at parseSync (C:\Users\Administrator\.workbuddy\binaries\node\versions\22.22.2\node_modules\@tencent\slidep\node_modules\@swc\core\index.js:397:21)
    at CE.parse (C:\Users\Administrator\.workbuddy\binaries\node\versions\22.22.2\node_modules\@tencent\slidep\dist\slidep.js:5938:12894)
    at vE (C:\Users\Administrator\.workbuddy\binaries\node\versions\22.22.2\node_modules\@tencent\slidep\dist\slidep.js:5938:13356)
    at Gd.validateAndTransform (C:\Users\Administrator\.workbuddy\binaries\node\versions\22.22.2\node_modules\@tencent\slidep\dist\slidep.js:5945:266)
    at Gd.eval (C:\Users\Administrator\.workbuddy\binaries\node\versions\22.22.2\node_modules\@tencent\slidep\dist\slidep.js:5938:14824)
    at LE (C:\Users\Administrator\.workbuddy\binaries\node\versions\22.22.2\node_modules\@tencent\slidep\dist\slidep.js:5945:3280)
    at CV (C:\Users\Administrator\.workbuddy\binaries\node\versions\22.22.2\node_modules\@tencent\slidep\dist\slidep.js:5993:12798)
    at mh.addSlideAt (C:\Users\Administrator\.workbuddy\binaries\node\versions\22.22.2\node_modules\@tencent\slidep\dist\slidep.js:5993:17549)
    at L.reconcile (C:\Users\Administrator\.workbuddy\binaries\node\versions\22.22.2\node_modules\@tencent\slidep\dist\slidep.js:5993:24371)
[2026-08-16 13:12:00.902] [INFO ] [pid=5100] [sync] backoff round=19 5000ms before next reconcile retry
[2026-08-16 13:12:05.908] [INFO ] [pid=5100] [sync] step=add round=19 attempt=4 pageId=18_capital index=17
[2026-08-16 13:12:05.908] [INFO ] [pid=5100] [backend-ops] addSlideAt start pageId=18_capital index=17
[2026-08-16 13:12:05.909] [INFO ] [pid=5100] [render] start pageId=18_capital file=D:\dev\GitHub\project\pro_pptwrite\商业计划书汇报\slides\18_capital.slide
[2026-08-16 13:12:05.909] [WARN ] [pid=5100] [sync] recovery budget exhausted round=19 (2/2); falling back to failure throttle
[2026-08-16 13:12:05.910] [ERROR] [pid=5100] [sync] reconcile FAIL round=19 attempt=4 (2/5) ms=3 Error:   x Unterminated string constant
   ,-[1:1]
 1 | <Slide padding={0} style={{ background: '#F4F9F6', fontFamily: "'Source Han Sans SC', 'Microsoft YaHei', sans-serif' }}>
   :                                                                ^^^^^^^^^^^^^^^^^^^^^^^^^^^^^^^^^^^^^^^^^^^^^^^^^^^^^^^^^
 2 |   <Box style={{ position: 'absolute', top: 0, left: 0, right: 0, height: 110, paddingLeft: 60, paddingRight: 60, flexDirection: 'row', alignItems: 'center' }}>
 3 |     <Box style={{ width: 6, height: 44, background: '#0F5C46', borderRadius: 3, marginRight: 18 }} />
 4 |     <Text style={{ fontSize: 34, fontWeight: 'bold', color: '#1C2B24' }}>40% 股权现金入股金额与资金投向</Text>
   `----
  x Expected ',', got 'ident'
   ,-[2:1]
 1 | <Slide padding={0} style={{ background: '#F4F9F6', fontFamily: "'Source Han Sans SC', 'Microsoft YaHei', sans-serif' }}>
 2 |   <Box style={{ position: 'absolute', top: 0, left: 0, right: 0, height: 110, paddingLeft: 60, paddingRight: 60, flexDirection: 'row', alignItems: 'center' }}>
   :        ^^^^^
 3 |     <Box style={{ width: 6, height: 44, background: '#0F5C46', borderRadius: 3, marginRight: 18 }} />
 4 |     <Text style={{ fontSize: 34, fontWeight: 'bold', color: '#1C2B24' }}>40% 股权现金入股金额与资金投向</Text>
 5 |   </Box>
   `----


Caused by:
    Syntax Error
    at Compiler.parseSync (C:\Users\Administrator\.workbuddy\binaries\node\versions\22.22.2\node_modules\@tencent\slidep\node_modules\@swc\core\index.js:202:46)
    at parseSync (C:\Users\Administrator\.workbuddy\binaries\node\versions\22.22.2\node_modules\@tencent\slidep\node_modules\@swc\core\index.js:397:21)
    at CE.parse (C:\Users\Administrator\.workbuddy\binaries\node\versions\22.22.2\node_modules\@tencent\slidep\dist\slidep.js:5938:12894)
    at vE (C:\Users\Administrator\.workbuddy\binaries\node\versions\22.22.2\node_modules\@tencent\slidep\dist\slidep.js:5938:13356)
    at Gd.validateAndTransform (C:\Users\Administrator\.workbuddy\binaries\node\versions\22.22.2\node_modules\@tencent\slidep\dist\slidep.js:5945:266)
    at Gd.eval (C:\Users\Administrator\.workbuddy\binaries\node\versions\22.22.2\node_modules\@tencent\slidep\dist\slidep.js:5938:14824)
    at LE (C:\Users\Administrator\.workbuddy\binaries\node\versions\22.22.2\node_modules\@tencent\slidep\dist\slidep.js:5945:3280)
    at CV (C:\Users\Administrator\.workbuddy\binaries\node\versions\22.22.2\node_modules\@tencent\slidep\dist\slidep.js:5993:12798)
    at mh.addSlideAt (C:\Users\Administrator\.workbuddy\binaries\node\versions\22.22.2\node_modules\@tencent\slidep\dist\slidep.js:5993:17549)
    at L.reconcile (C:\Users\Administrator\.workbuddy\binaries\node\versions\22.22.2\node_modules\@tencent\slidep\dist\slidep.js:5993:24371)
[2026-08-16 13:12:05.910] [INFO ] [pid=5100] [sync] backoff round=19 5000ms before next reconcile retry
[2026-08-16 13:12:10.911] [INFO ] [pid=5100] [sync] step=add round=19 attempt=5 pageId=18_capital index=17
[2026-08-16 13:12:10.911] [INFO ] [pid=5100] [backend-ops] addSlideAt start pageId=18_capital index=17
[2026-08-16 13:12:10.912] [INFO ] [pid=5100] [render] start pageId=18_capital file=D:\dev\GitHub\project\pro_pptwrite\商业计划书汇报\slides\18_capital.slide
[2026-08-16 13:12:10.912] [WARN ] [pid=5100] [sync] recovery budget exhausted round=19 (2/2); falling back to failure throttle
[2026-08-16 13:12:10.912] [ERROR] [pid=5100] [sync] reconcile FAIL round=19 attempt=5 (3/5) ms=1 Error:   x Unterminated string constant
   ,-[1:1]
 1 | <Slide padding={0} style={{ background: '#F4F9F6', fontFamily: "'Source Han Sans SC', 'Microsoft YaHei', sans-serif' }}>
   :                                                                ^^^^^^^^^^^^^^^^^^^^^^^^^^^^^^^^^^^^^^^^^^^^^^^^^^^^^^^^^
 2 |   <Box style={{ position: 'absolute', top: 0, left: 0, right: 0, height: 110, paddingLeft: 60, paddingRight: 60, flexDirection: 'row', alignItems: 'center' }}>
 3 |     <Box style={{ width: 6, height: 44, background: '#0F5C46', borderRadius: 3, marginRight: 18 }} />
 4 |     <Text style={{ fontSize: 34, fontWeight: 'bold', color: '#1C2B24' }}>40% 股权现金入股金额与资金投向</Text>
   `----
  x Expected ',', got 'ident'
   ,-[2:1]
 1 | <Slide padding={0} style={{ background: '#F4F9F6', fontFamily: "'Source Han Sans SC', 'Microsoft YaHei', sans-serif' }}>
 2 |   <Box style={{ position: 'absolute', top: 0, left: 0, right: 0, height: 110, paddingLeft: 60, paddingRight: 60, flexDirection: 'row', alignItems: 'center' }}>
   :        ^^^^^
 3 |     <Box style={{ width: 6, height: 44, background: '#0F5C46', borderRadius: 3, marginRight: 18 }} />
 4 |     <Text style={{ fontSize: 34, fontWeight: 'bold', color: '#1C2B24' }}>40% 股权现金入股金额与资金投向</Text>
 5 |   </Box>
   `----


Caused by:
    Syntax Error
    at Compiler.parseSync (C:\Users\Administrator\.workbuddy\binaries\node\versions\22.22.2\node_modules\@tencent\slidep\node_modules\@swc\core\index.js:202:46)
    at parseSync (C:\Users\Administrator\.workbuddy\binaries\node\versions\22.22.2\node_modules\@tencent\slidep\node_modules\@swc\core\index.js:397:21)
    at CE.parse (C:\Users\Administrator\.workbuddy\binaries\node\versions\22.22.2\node_modules\@tencent\slidep\dist\slidep.js:5938:12894)
    at vE (C:\Users\Administrator\.workbuddy\binaries\node\versions\22.22.2\node_modules\@tencent\slidep\dist\slidep.js:5938:13356)
    at Gd.validateAndTransform (C:\Users\Administrator\.workbuddy\binaries\node\versions\22.22.2\node_modules\@tencent\slidep\dist\slidep.js:5945:266)
    at Gd.eval (C:\Users\Administrator\.workbuddy\binaries\node\versions\22.22.2\node_modules\@tencent\slidep\dist\slidep.js:5938:14824)
    at LE (C:\Users\Administrator\.workbuddy\binaries\node\versions\22.22.2\node_modules\@tencent\slidep\dist\slidep.js:5945:3280)
    at CV (C:\Users\Administrator\.workbuddy\binaries\node\versions\22.22.2\node_modules\@tencent\slidep\dist\slidep.js:5993:12798)
    at mh.addSlideAt (C:\Users\Administrator\.workbuddy\binaries\node\versions\22.22.2\node_modules\@tencent\slidep\dist\slidep.js:5993:17549)
    at L.reconcile (C:\Users\Administrator\.workbuddy\binaries\node\versions\22.22.2\node_modules\@tencent\slidep\dist\slidep.js:5993:24371)
[2026-08-16 13:12:10.913] [INFO ] [pid=5100] [sync] backoff round=19 5000ms before next reconcile retry
[2026-08-16 13:12:13.844] [INFO ] [pid=5100] [watcher] event=add file=slides\19_sec07.slide
[2026-08-16 13:12:14.360] [INFO ] [pid=5100] [watcher] flush batch dirty=[19_sec07] size=1
[2026-08-16 13:12:14.361] [INFO ] [pid=5100] [sync] submit round=19 dirty=19_sec07 pendingDirtySize=2 merged=yes
[2026-08-16 13:12:15.927] [INFO ] [pid=5100] [sync] step=add round=19 attempt=6 pageId=18_capital index=17
[2026-08-16 13:12:15.927] [INFO ] [pid=5100] [backend-ops] addSlideAt start pageId=18_capital index=17
[2026-08-16 13:12:15.927] [INFO ] [pid=5100] [render] start pageId=18_capital file=D:\dev\GitHub\project\pro_pptwrite\商业计划书汇报\slides\18_capital.slide
[2026-08-16 13:12:15.928] [WARN ] [pid=5100] [sync] recovery budget exhausted round=19 (2/2); falling back to failure throttle
[2026-08-16 13:12:15.928] [ERROR] [pid=5100] [sync] reconcile FAIL round=19 attempt=6 (4/5) ms=2 Error:   x Unterminated string constant
   ,-[1:1]
 1 | <Slide padding={0} style={{ background: '#F4F9F6', fontFamily: "'Source Han Sans SC', 'Microsoft YaHei', sans-serif' }}>
   :                                                                ^^^^^^^^^^^^^^^^^^^^^^^^^^^^^^^^^^^^^^^^^^^^^^^^^^^^^^^^^
 2 |   <Box style={{ position: 'absolute', top: 0, left: 0, right: 0, height: 110, paddingLeft: 60, paddingRight: 60, flexDirection: 'row', alignItems: 'center' }}>
 3 |     <Box style={{ width: 6, height: 44, background: '#0F5C46', borderRadius: 3, marginRight: 18 }} />
 4 |     <Text style={{ fontSize: 34, fontWeight: 'bold', color: '#1C2B24' }}>40% 股权现金入股金额与资金投向</Text>
   `----
  x Expected ',', got 'ident'
   ,-[2:1]
 1 | <Slide padding={0} style={{ background: '#F4F9F6', fontFamily: "'Source Han Sans SC', 'Microsoft YaHei', sans-serif' }}>
 2 |   <Box style={{ position: 'absolute', top: 0, left: 0, right: 0, height: 110, paddingLeft: 60, paddingRight: 60, flexDirection: 'row', alignItems: 'center' }}>
   :        ^^^^^
 3 |     <Box style={{ width: 6, height: 44, background: '#0F5C46', borderRadius: 3, marginRight: 18 }} />
 4 |     <Text style={{ fontSize: 34, fontWeight: 'bold', color: '#1C2B24' }}>40% 股权现金入股金额与资金投向</Text>
 5 |   </Box>
   `----


Caused by:
    Syntax Error
    at Compiler.parseSync (C:\Users\Administrator\.workbuddy\binaries\node\versions\22.22.2\node_modules\@tencent\slidep\node_modules\@swc\core\index.js:202:46)
    at parseSync (C:\Users\Administrator\.workbuddy\binaries\node\versions\22.22.2\node_modules\@tencent\slidep\node_modules\@swc\core\index.js:397:21)
    at CE.parse (C:\Users\Administrator\.workbuddy\binaries\node\versions\22.22.2\node_modules\@tencent\slidep\dist\slidep.js:5938:12894)
    at vE (C:\Users\Administrator\.workbuddy\binaries\node\versions\22.22.2\node_modules\@tencent\slidep\dist\slidep.js:5938:13356)
    at Gd.validateAndTransform (C:\Users\Administrator\.workbuddy\binaries\node\versions\22.22.2\node_modules\@tencent\slidep\dist\slidep.js:5945:266)
    at Gd.eval (C:\Users\Administrator\.workbuddy\binaries\node\versions\22.22.2\node_modules\@tencent\slidep\dist\slidep.js:5938:14824)
    at LE (C:\Users\Administrator\.workbuddy\binaries\node\versions\22.22.2\node_modules\@tencent\slidep\dist\slidep.js:5945:3280)
    at CV (C:\Users\Administrator\.workbuddy\binaries\node\versions\22.22.2\node_modules\@tencent\slidep\dist\slidep.js:5993:12798)
    at mh.addSlideAt (C:\Users\Administrator\.workbuddy\binaries\node\versions\22.22.2\node_modules\@tencent\slidep\dist\slidep.js:5993:17549)
    at L.reconcile (C:\Users\Administrator\.workbuddy\binaries\node\versions\22.22.2\node_modules\@tencent\slidep\dist\slidep.js:5993:24371)
[2026-08-16 13:12:15.928] [INFO ] [pid=5100] [sync] backoff round=19 5000ms before next reconcile retry
[2026-08-16 13:12:20.944] [INFO ] [pid=5100] [sync] step=add round=19 attempt=7 pageId=18_capital index=17
[2026-08-16 13:12:20.944] [INFO ] [pid=5100] [backend-ops] addSlideAt start pageId=18_capital index=17
[2026-08-16 13:12:20.945] [INFO ] [pid=5100] [render] start pageId=18_capital file=D:\dev\GitHub\project\pro_pptwrite\商业计划书汇报\slides\18_capital.slide
[2026-08-16 13:12:20.945] [WARN ] [pid=5100] [sync] recovery budget exhausted round=19 (2/2); falling back to failure throttle
[2026-08-16 13:12:20.946] [ERROR] [pid=5100] [sync] reconcile FAIL round=19 attempt=7 (5/5) ms=2 Error:   x Unterminated string constant
   ,-[1:1]
 1 | <Slide padding={0} style={{ background: '#F4F9F6', fontFamily: "'Source Han Sans SC', 'Microsoft YaHei', sans-serif' }}>
   :                                                                ^^^^^^^^^^^^^^^^^^^^^^^^^^^^^^^^^^^^^^^^^^^^^^^^^^^^^^^^^
 2 |   <Box style={{ position: 'absolute', top: 0, left: 0, right: 0, height: 110, paddingLeft: 60, paddingRight: 60, flexDirection: 'row', alignItems: 'center' }}>
 3 |     <Box style={{ width: 6, height: 44, background: '#0F5C46', borderRadius: 3, marginRight: 18 }} />
 4 |     <Text style={{ fontSize: 34, fontWeight: 'bold', color: '#1C2B24' }}>40% 股权现金入股金额与资金投向</Text>
   `----
  x Expected ',', got 'ident'
   ,-[2:1]
 1 | <Slide padding={0} style={{ background: '#F4F9F6', fontFamily: "'Source Han Sans SC', 'Microsoft YaHei', sans-serif' }}>
 2 |   <Box style={{ position: 'absolute', top: 0, left: 0, right: 0, height: 110, paddingLeft: 60, paddingRight: 60, flexDirection: 'row', alignItems: 'center' }}>
   :        ^^^^^
 3 |     <Box style={{ width: 6, height: 44, background: '#0F5C46', borderRadius: 3, marginRight: 18 }} />
 4 |     <Text style={{ fontSize: 34, fontWeight: 'bold', color: '#1C2B24' }}>40% 股权现金入股金额与资金投向</Text>
 5 |   </Box>
   `----


Caused by:
    Syntax Error
    at Compiler.parseSync (C:\Users\Administrator\.workbuddy\binaries\node\versions\22.22.2\node_modules\@tencent\slidep\node_modules\@swc\core\index.js:202:46)
    at parseSync (C:\Users\Administrator\.workbuddy\binaries\node\versions\22.22.2\node_modules\@tencent\slidep\node_modules\@swc\core\index.js:397:21)
    at CE.parse (C:\Users\Administrator\.workbuddy\binaries\node\versions\22.22.2\node_modules\@tencent\slidep\dist\slidep.js:5938:12894)
    at vE (C:\Users\Administrator\.workbuddy\binaries\node\versions\22.22.2\node_modules\@tencent\slidep\dist\slidep.js:5938:13356)
    at Gd.validateAndTransform (C:\Users\Administrator\.workbuddy\binaries\node\versions\22.22.2\node_modules\@tencent\slidep\dist\slidep.js:5945:266)
    at Gd.eval (C:\Users\Administrator\.workbuddy\binaries\node\versions\22.22.2\node_modules\@tencent\slidep\dist\slidep.js:5938:14824)
    at LE (C:\Users\Administrator\.workbuddy\binaries\node\versions\22.22.2\node_modules\@tencent\slidep\dist\slidep.js:5945:3280)
    at CV (C:\Users\Administrator\.workbuddy\binaries\node\versions\22.22.2\node_modules\@tencent\slidep\dist\slidep.js:5993:12798)
    at mh.addSlideAt (C:\Users\Administrator\.workbuddy\binaries\node\versions\22.22.2\node_modules\@tencent\slidep\dist\slidep.js:5993:17549)
    at L.reconcile (C:\Users\Administrator\.workbuddy\binaries\node\versions\22.22.2\node_modules\@tencent\slidep\dist\slidep.js:5993:24371)
[2026-08-16 13:12:20.946] [WARN ] [pid=5100] [sync] giving up auto-retry round=19 pendingDirtySize=2 next external submit will resume
[2026-08-16 13:12:20.946] [WARN ] [pid=5100] [sync] skip save round=19: residual failure state (consecutiveFailures=5 pendingDirtySize=2); defer save until next clean reconcile
[2026-08-16 13:12:20.946] [INFO ] [pid=5100] [sync] drain end round=19 reconciles=7 mergedSubmits=2 pendingDirtySize=2 ms=21635
[2026-08-16 13:12:22.288] [INFO ] [pid=5100] [watcher] event=change file=slides\18_capital.slide
[2026-08-16 13:12:22.794] [INFO ] [pid=5100] [watcher] flush batch dirty=[18_capital] size=1
[2026-08-16 13:12:22.794] [INFO ] [pid=5100] [sync] submit nextRound=20 dirty=18_capital pendingDirtySize=2 merged=no
[2026-08-16 13:12:22.795] [INFO ] [pid=5100] [sync] drain start round=20 pendingDirtySize=2
[2026-08-16 13:12:22.795] [INFO ] [pid=5100] [sync] step=add round=20 attempt=1 pageId=18_capital index=17
[2026-08-16 13:12:22.795] [INFO ] [pid=5100] [backend-ops] addSlideAt start pageId=18_capital index=17
[2026-08-16 13:12:22.795] [INFO ] [pid=5100] [render] start pageId=18_capital file=D:\dev\GitHub\project\pro_pptwrite\商业计划书汇报\slides\18_capital.slide
[2026-08-16 13:12:22.833] [INFO ] [pid=5100] [render] ok pageId=18_capital slides=1 ms=38
[2026-08-16 13:12:22.834] [INFO ] [pid=5100] [render] renderSlideData result.resources={ images: {}, videos: {}, audios: {}, fonts: {} }
[2026-08-16 13:12:22.839] [INFO ] [pid=5100] [commit] commit send pageId=00a8f2 targetIndex=17 version=52 baseVersion=85 revisionBytes=19652
[2026-08-16 13:12:22.844] [INFO ] [pid=5100] [commit] commit ok pageId=00a8f2 revisionId=01ec084a ms=5
[2026-08-16 13:12:22.846] [INFO ] [pid=5100] [backend-ops] addSlideAt ok pageId=18_capital slideId=00a8f2 index=17 version=52 baseVersion=85 revisionId=01ec084a code=0 images=[local=0 remote=0 cached=0 failed=0] ms=51
[2026-08-16 13:12:22.847] [INFO ] [pid=5100] [sync] step=add round=20 attempt=1 pageId=19_sec07 index=18
[2026-08-16 13:12:22.847] [INFO ] [pid=5100] [backend-ops] addSlideAt start pageId=19_sec07 index=18
[2026-08-16 13:12:22.847] [INFO ] [pid=5100] [render] start pageId=19_sec07 file=D:\dev\GitHub\project\pro_pptwrite\商业计划书汇报\slides\19_sec07.slide
[2026-08-16 13:12:22.858] [INFO ] [pid=5100] [render] ok pageId=19_sec07 slides=1 ms=11
[2026-08-16 13:12:22.859] [INFO ] [pid=5100] [render] renderSlideData result.resources={
  images: {
    'rel:00a3di1e': {
      id: 'rel:00a3di1e',
      src: 'D:\\dev\\GitHub\\project\\pro_pptwrite\\商业计划书汇报\\.cache\\media\\images\\c59b3a6438c5f7e99e91d5e3714d3493.svg'
    }
  },
  videos: {},
  audios: {},
  fonts: {}
}
[2026-08-16 13:12:22.861] [INFO ] [pid=5100] [commit] commit send pageId=07dbf8 targetIndex=18 version=53 baseVersion=86 revisionBytes=8200
[2026-08-16 13:12:22.866] [INFO ] [pid=5100] [commit] commit ok pageId=07dbf8 revisionId=8da62cca ms=3
[2026-08-16 13:12:22.867] [INFO ] [pid=5100] [backend-ops] addSlideAt ok pageId=19_sec07 slideId=07dbf8 index=18 version=53 baseVersion=86 revisionId=8da62cca code=0 images=[local=1 remote=0 cached=0 failed=0] ms=20
[2026-08-16 13:12:22.867] [INFO ] [pid=5100] [sync] aligned round=20 attempt=1 size=19 desired=19 pendingDirtySize=0
[2026-08-16 13:12:22.868] [INFO ] [pid=5100] [sync] reconcile ok round=20 attempt=1 ms=73
[2026-08-16 13:12:22.868] [INFO ] [pid=5100] [backend-ops] save start file=D:\dev\GitHub\project\pro_pptwrite\商业计划书汇报\商业计划书.pptx
[2026-08-16 13:12:22.868] [INFO ] [pid=5100] [commit] save send filePath=D:\dev\GitHub\project\pro_pptwrite\商业计划书汇报\商业计划书.pptx
[2026-08-16 13:12:22.935] [INFO ] [pid=5100] [commit] save ok file_path=D:\dev\GitHub\project\pro_pptwrite\商业计划书汇报\商业计划书.pptx ms=66
[2026-08-16 13:12:22.935] [INFO ] [pid=5100] [backend-ops] save ok file_path=D:\dev\GitHub\project\pro_pptwrite\商业计划书汇报\商业计划书.pptx ms=67
[2026-08-16 13:12:22.935] [INFO ] [pid=5100] [sync] drain end round=20 reconciles=1 mergedSubmits=1 pendingDirtySize=0 ms=140
[2026-08-16 13:12:32.322] [INFO ] [pid=5100] [watcher] event=add file=slides\20_chain.slide
[2026-08-16 13:12:32.826] [INFO ] [pid=5100] [watcher] flush batch dirty=[20_chain] size=1
[2026-08-16 13:12:32.827] [INFO ] [pid=5100] [sync] submit nextRound=21 dirty=20_chain pendingDirtySize=1 merged=no
[2026-08-16 13:12:32.828] [INFO ] [pid=5100] [sync] drain start round=21 pendingDirtySize=1
[2026-08-16 13:12:32.828] [INFO ] [pid=5100] [sync] step=add round=21 attempt=1 pageId=20_chain index=19
[2026-08-16 13:12:32.829] [INFO ] [pid=5100] [backend-ops] addSlideAt start pageId=20_chain index=19
[2026-08-16 13:12:32.829] [INFO ] [pid=5100] [render] start pageId=20_chain file=D:\dev\GitHub\project\pro_pptwrite\商业计划书汇报\slides\20_chain.slide
[2026-08-16 13:12:32.920] [INFO ] [pid=5100] [render] ok pageId=20_chain slides=1 ms=91
[2026-08-16 13:12:32.921] [INFO ] [pid=5100] [render] renderSlideData result.resources={
  images: {
    'rel:00znilr7': {
      id: 'rel:00znilr7',
      src: 'D:\\dev\\GitHub\\project\\pro_pptwrite\\商业计划书汇报\\.cache\\media\\images\\726e43c21acd362acfe7a80c9a7409a5.svg'
    }
  },
  videos: {},
  audios: {},
  fonts: {}
}
[2026-08-16 13:12:32.930] [INFO ] [pid=5100] [commit] commit send pageId=75f968 targetIndex=19 version=54 baseVersion=87 revisionBytes=34864
[2026-08-16 13:12:32.942] [INFO ] [pid=5100] [commit] commit ok pageId=75f968 revisionId=22369c2e ms=9
[2026-08-16 13:12:32.945] [INFO ] [pid=5100] [backend-ops] addSlideAt ok pageId=20_chain slideId=75f968 index=19 version=54 baseVersion=87 revisionId=22369c2e code=0 images=[local=1 remote=0 cached=0 failed=0] ms=116
[2026-08-16 13:12:32.946] [INFO ] [pid=5100] [sync] aligned round=21 attempt=1 size=20 desired=20 pendingDirtySize=0
[2026-08-16 13:12:32.946] [INFO ] [pid=5100] [sync] reconcile ok round=21 attempt=1 ms=118
[2026-08-16 13:12:32.946] [INFO ] [pid=5100] [backend-ops] save start file=D:\dev\GitHub\project\pro_pptwrite\商业计划书汇报\商业计划书.pptx
[2026-08-16 13:12:32.947] [INFO ] [pid=5100] [commit] save send filePath=D:\dev\GitHub\project\pro_pptwrite\商业计划书汇报\商业计划书.pptx
[2026-08-16 13:12:33.029] [INFO ] [pid=5100] [commit] save ok file_path=D:\dev\GitHub\project\pro_pptwrite\商业计划书汇报\商业计划书.pptx ms=82
[2026-08-16 13:12:33.030] [INFO ] [pid=5100] [backend-ops] save ok file_path=D:\dev\GitHub\project\pro_pptwrite\商业计划书汇报\商业计划书.pptx ms=84
[2026-08-16 13:12:33.030] [INFO ] [pid=5100] [sync] drain end round=21 reconciles=1 mergedSubmits=1 pendingDirtySize=0 ms=202
=== boot pid=12024 ts=2026-08-16 13:12:38.062 cwd=D:\dev\GitHub\project\pro_pptwrite\商业计划书汇报 argv=C:\Users\Administrator\.workbuddy\binaries\node\versions\22.22.2\node_modules\@tencent\slidep\dist\slidep-validate.js --all --project D:/dev/GitHub/project/pro_pptwrite/商业计划书汇报 ===
[2026-08-16 13:12:38.061] [INFO ] [pid=12024] [validate] --all mode: found 20 files in D:\dev\GitHub\project\pro_pptwrite\商业计划书汇报\slides
[2026-08-16 13:12:38.063] [INFO ] [pid=12024] [validate] batch start files=20 checkOverflow=true
[2026-08-16 13:12:39.536] [INFO ] [pid=12024] [validate] batch done total=20 passed=20 failed=0 ms=1475
[2026-08-16 13:12:46.008] [INFO ] [pid=5100] [watcher] event=add file=slides\21_sec08.slide
[2026-08-16 13:12:46.512] [INFO ] [pid=5100] [watcher] flush batch dirty=[21_sec08] size=1
[2026-08-16 13:12:46.512] [INFO ] [pid=5100] [sync] submit nextRound=22 dirty=21_sec08 pendingDirtySize=1 merged=no
[2026-08-16 13:12:46.512] [INFO ] [pid=5100] [sync] drain start round=22 pendingDirtySize=1
[2026-08-16 13:12:46.513] [INFO ] [pid=5100] [sync] step=add round=22 attempt=1 pageId=21_sec08 index=20
[2026-08-16 13:12:46.513] [INFO ] [pid=5100] [backend-ops] addSlideAt start pageId=21_sec08 index=20
[2026-08-16 13:12:46.513] [INFO ] [pid=5100] [render] start pageId=21_sec08 file=D:\dev\GitHub\project\pro_pptwrite\商业计划书汇报\slides\21_sec08.slide
[2026-08-16 13:12:46.529] [INFO ] [pid=5100] [render] ok pageId=21_sec08 slides=1 ms=16
[2026-08-16 13:12:46.530] [INFO ] [pid=5100] [render] renderSlideData result.resources={
  images: {
    'rel:00a3di1e': {
      id: 'rel:00a3di1e',
      src: 'D:\\dev\\GitHub\\project\\pro_pptwrite\\商业计划书汇报\\.cache\\media\\images\\c59b3a6438c5f7e99e91d5e3714d3493.svg'
    }
  },
  videos: {},
  audios: {},
  fonts: {}
}
[2026-08-16 13:12:46.535] [INFO ] [pid=5100] [commit] commit send pageId=c14f50 targetIndex=20 version=55 baseVersion=88 revisionBytes=7832
[2026-08-16 13:12:46.540] [INFO ] [pid=5100] [commit] commit ok pageId=c14f50 revisionId=2adbb768 ms=5
[2026-08-16 13:12:46.541] [INFO ] [pid=5100] [backend-ops] addSlideAt ok pageId=21_sec08 slideId=c14f50 index=20 version=55 baseVersion=88 revisionId=2adbb768 code=0 images=[local=1 remote=0 cached=0 failed=0] ms=28
[2026-08-16 13:12:46.541] [INFO ] [pid=5100] [sync] aligned round=22 attempt=1 size=21 desired=21 pendingDirtySize=0
[2026-08-16 13:12:46.542] [INFO ] [pid=5100] [sync] reconcile ok round=22 attempt=1 ms=30
[2026-08-16 13:12:46.542] [INFO ] [pid=5100] [backend-ops] save start file=D:\dev\GitHub\project\pro_pptwrite\商业计划书汇报\商业计划书.pptx
[2026-08-16 13:12:46.542] [INFO ] [pid=5100] [commit] save send filePath=D:\dev\GitHub\project\pro_pptwrite\商业计划书汇报\商业计划书.pptx
[2026-08-16 13:12:46.611] [INFO ] [pid=5100] [commit] save ok file_path=D:\dev\GitHub\project\pro_pptwrite\商业计划书汇报\商业计划书.pptx ms=69
[2026-08-16 13:12:46.612] [INFO ] [pid=5100] [backend-ops] save ok file_path=D:\dev\GitHub\project\pro_pptwrite\商业计划书汇报\商业计划书.pptx ms=70
[2026-08-16 13:12:46.612] [INFO ] [pid=5100] [sync] drain end round=22 reconciles=1 mergedSubmits=1 pendingDirtySize=0 ms=100
[2026-08-16 13:13:08.519] [INFO ] [pid=5100] [watcher] event=add file=slides\22_plan.slide
[2026-08-16 13:13:09.028] [INFO ] [pid=5100] [watcher] flush batch dirty=[22_plan] size=1
[2026-08-16 13:13:09.028] [INFO ] [pid=5100] [sync] submit nextRound=23 dirty=22_plan pendingDirtySize=1 merged=no
[2026-08-16 13:13:09.028] [INFO ] [pid=5100] [sync] drain start round=23 pendingDirtySize=1
[2026-08-16 13:13:09.029] [INFO ] [pid=5100] [sync] step=add round=23 attempt=1 pageId=22_plan index=21
[2026-08-16 13:13:09.029] [INFO ] [pid=5100] [backend-ops] addSlideAt start pageId=22_plan index=21
[2026-08-16 13:13:09.029] [INFO ] [pid=5100] [render] start pageId=22_plan file=D:\dev\GitHub\project\pro_pptwrite\商业计划书汇报\slides\22_plan.slide
[2026-08-16 13:13:09.105] [INFO ] [pid=5100] [render] ok pageId=22_plan slides=1 ms=76
[2026-08-16 13:13:09.106] [INFO ] [pid=5100] [render] renderSlideData result.resources={ images: {}, videos: {}, audios: {}, fonts: {} }
[2026-08-16 13:13:09.109] [INFO ] [pid=5100] [commit] commit send pageId=e50263 targetIndex=21 version=56 baseVersion=89 revisionBytes=28756
[2026-08-16 13:13:09.116] [INFO ] [pid=5100] [commit] commit ok pageId=e50263 revisionId=eec9064b ms=7
[2026-08-16 13:13:09.117] [INFO ] [pid=5100] [backend-ops] addSlideAt ok pageId=22_plan slideId=e50263 index=21 version=56 baseVersion=89 revisionId=eec9064b code=0 images=[local=0 remote=0 cached=0 failed=0] ms=88
[2026-08-16 13:13:09.118] [INFO ] [pid=5100] [sync] aligned round=23 attempt=1 size=22 desired=22 pendingDirtySize=0
[2026-08-16 13:13:09.118] [INFO ] [pid=5100] [sync] reconcile ok round=23 attempt=1 ms=90
[2026-08-16 13:13:09.119] [INFO ] [pid=5100] [backend-ops] save start file=D:\dev\GitHub\project\pro_pptwrite\商业计划书汇报\商业计划书.pptx
[2026-08-16 13:13:09.119] [INFO ] [pid=5100] [commit] save send filePath=D:\dev\GitHub\project\pro_pptwrite\商业计划书汇报\商业计划书.pptx
[2026-08-16 13:13:09.193] [INFO ] [pid=5100] [commit] save ok file_path=D:\dev\GitHub\project\pro_pptwrite\商业计划书汇报\商业计划书.pptx ms=74
[2026-08-16 13:13:09.194] [INFO ] [pid=5100] [backend-ops] save ok file_path=D:\dev\GitHub\project\pro_pptwrite\商业计划书汇报\商业计划书.pptx ms=75
[2026-08-16 13:13:09.194] [INFO ] [pid=5100] [sync] drain end round=23 reconciles=1 mergedSubmits=1 pendingDirtySize=0 ms=166
[2026-08-16 13:13:15.479] [INFO ] [pid=5100] [watcher] event=add file=slides\23_sec09.slide
[2026-08-16 13:13:15.979] [INFO ] [pid=5100] [watcher] flush batch dirty=[23_sec09] size=1
[2026-08-16 13:13:15.979] [INFO ] [pid=5100] [sync] submit nextRound=24 dirty=23_sec09 pendingDirtySize=1 merged=no
[2026-08-16 13:13:15.980] [INFO ] [pid=5100] [sync] drain start round=24 pendingDirtySize=1
[2026-08-16 13:13:15.980] [INFO ] [pid=5100] [sync] step=add round=24 attempt=1 pageId=23_sec09 index=22
[2026-08-16 13:13:15.980] [INFO ] [pid=5100] [backend-ops] addSlideAt start pageId=23_sec09 index=22
[2026-08-16 13:13:15.980] [INFO ] [pid=5100] [render] start pageId=23_sec09 file=D:\dev\GitHub\project\pro_pptwrite\商业计划书汇报\slides\23_sec09.slide
[2026-08-16 13:13:15.991] [INFO ] [pid=5100] [render] ok pageId=23_sec09 slides=1 ms=11
[2026-08-16 13:13:15.992] [INFO ] [pid=5100] [render] renderSlideData result.resources={
  images: {
    'rel:00a3di1e': {
      id: 'rel:00a3di1e',
      src: 'D:\\dev\\GitHub\\project\\pro_pptwrite\\商业计划书汇报\\.cache\\media\\images\\c59b3a6438c5f7e99e91d5e3714d3493.svg'
    }
  },
  videos: {},
  audios: {},
  fonts: {}
}
[2026-08-16 13:13:15.995] [INFO ] [pid=5100] [commit] commit send pageId=9e16e9 targetIndex=22 version=57 baseVersion=90 revisionBytes=7568
[2026-08-16 13:13:15.999] [INFO ] [pid=5100] [commit] commit ok pageId=9e16e9 revisionId=1774c4c5 ms=4
[2026-08-16 13:13:16.001] [INFO ] [pid=5100] [backend-ops] addSlideAt ok pageId=23_sec09 slideId=9e16e9 index=22 version=57 baseVersion=90 revisionId=1774c4c5 code=0 images=[local=1 remote=0 cached=0 failed=0] ms=21
[2026-08-16 13:13:16.001] [INFO ] [pid=5100] [sync] aligned round=24 attempt=1 size=23 desired=23 pendingDirtySize=0
[2026-08-16 13:13:16.001] [INFO ] [pid=5100] [sync] reconcile ok round=24 attempt=1 ms=21
[2026-08-16 13:13:16.002] [INFO ] [pid=5100] [backend-ops] save start file=D:\dev\GitHub\project\pro_pptwrite\商业计划书汇报\商业计划书.pptx
[2026-08-16 13:13:16.002] [INFO ] [pid=5100] [commit] save send filePath=D:\dev\GitHub\project\pro_pptwrite\商业计划书汇报\商业计划书.pptx
[2026-08-16 13:13:16.073] [INFO ] [pid=5100] [commit] save ok file_path=D:\dev\GitHub\project\pro_pptwrite\商业计划书汇报\商业计划书.pptx ms=71
[2026-08-16 13:13:16.073] [INFO ] [pid=5100] [backend-ops] save ok file_path=D:\dev\GitHub\project\pro_pptwrite\商业计划书汇报\商业计划书.pptx ms=71
[2026-08-16 13:13:16.073] [INFO ] [pid=5100] [sync] drain end round=24 reconciles=1 mergedSubmits=1 pendingDirtySize=0 ms=93
[2026-08-16 13:13:25.811] [INFO ] [pid=5100] [watcher] event=add file=slides\24_synergy.slide
[2026-08-16 13:13:26.312] [INFO ] [pid=5100] [watcher] flush batch dirty=[24_synergy] size=1
[2026-08-16 13:13:26.313] [INFO ] [pid=5100] [sync] submit nextRound=25 dirty=24_synergy pendingDirtySize=1 merged=no
[2026-08-16 13:13:26.313] [INFO ] [pid=5100] [sync] drain start round=25 pendingDirtySize=1
[2026-08-16 13:13:26.314] [INFO ] [pid=5100] [sync] step=add round=25 attempt=1 pageId=24_synergy index=23
[2026-08-16 13:13:26.314] [INFO ] [pid=5100] [backend-ops] addSlideAt start pageId=24_synergy index=23
[2026-08-16 13:13:26.314] [INFO ] [pid=5100] [render] start pageId=24_synergy file=D:\dev\GitHub\project\pro_pptwrite\商业计划书汇报\slides\24_synergy.slide
[2026-08-16 13:13:26.376] [INFO ] [pid=5100] [render] ok pageId=24_synergy slides=1 ms=62
[2026-08-16 13:13:26.377] [INFO ] [pid=5100] [render] renderSlideData result.resources={ images: {}, videos: {}, audios: {}, fonts: {} }
[2026-08-16 13:13:26.381] [INFO ] [pid=5100] [commit] commit send pageId=5a1038 targetIndex=23 version=58 baseVersion=91 revisionBytes=29284
[2026-08-16 13:13:26.386] [INFO ] [pid=5100] [commit] commit ok pageId=5a1038 revisionId=0bafa6f2 ms=5
[2026-08-16 13:13:26.387] [INFO ] [pid=5100] [backend-ops] addSlideAt ok pageId=24_synergy slideId=5a1038 index=23 version=58 baseVersion=91 revisionId=0bafa6f2 code=0 images=[local=0 remote=0 cached=0 failed=0] ms=73
[2026-08-16 13:13:26.388] [INFO ] [pid=5100] [sync] aligned round=25 attempt=1 size=24 desired=24 pendingDirtySize=0
[2026-08-16 13:13:26.388] [INFO ] [pid=5100] [sync] reconcile ok round=25 attempt=1 ms=75
[2026-08-16 13:13:26.388] [INFO ] [pid=5100] [backend-ops] save start file=D:\dev\GitHub\project\pro_pptwrite\商业计划书汇报\商业计划书.pptx
[2026-08-16 13:13:26.388] [INFO ] [pid=5100] [commit] save send filePath=D:\dev\GitHub\project\pro_pptwrite\商业计划书汇报\商业计划书.pptx
[2026-08-16 13:13:26.467] [INFO ] [pid=5100] [commit] save ok file_path=D:\dev\GitHub\project\pro_pptwrite\商业计划书汇报\商业计划书.pptx ms=79
[2026-08-16 13:13:26.468] [INFO ] [pid=5100] [backend-ops] save ok file_path=D:\dev\GitHub\project\pro_pptwrite\商业计划书汇报\商业计划书.pptx ms=80
[2026-08-16 13:13:26.468] [INFO ] [pid=5100] [sync] drain end round=25 reconciles=1 mergedSubmits=1 pendingDirtySize=0 ms=155
[2026-08-16 13:13:32.274] [INFO ] [pid=5100] [watcher] event=add file=slides\25_sec10.slide
[2026-08-16 13:13:32.777] [INFO ] [pid=5100] [watcher] flush batch dirty=[25_sec10] size=1
[2026-08-16 13:13:32.778] [INFO ] [pid=5100] [sync] submit nextRound=26 dirty=25_sec10 pendingDirtySize=1 merged=no
[2026-08-16 13:13:32.778] [INFO ] [pid=5100] [sync] drain start round=26 pendingDirtySize=1
[2026-08-16 13:13:32.778] [INFO ] [pid=5100] [sync] step=add round=26 attempt=1 pageId=25_sec10 index=24
[2026-08-16 13:13:32.778] [INFO ] [pid=5100] [backend-ops] addSlideAt start pageId=25_sec10 index=24
[2026-08-16 13:13:32.779] [INFO ] [pid=5100] [render] start pageId=25_sec10 file=D:\dev\GitHub\project\pro_pptwrite\商业计划书汇报\slides\25_sec10.slide
[2026-08-16 13:13:32.789] [INFO ] [pid=5100] [render] ok pageId=25_sec10 slides=1 ms=10
[2026-08-16 13:13:32.789] [INFO ] [pid=5100] [render] renderSlideData result.resources={
  images: {
    'rel:00a3di1e': {
      id: 'rel:00a3di1e',
      src: 'D:\\dev\\GitHub\\project\\pro_pptwrite\\商业计划书汇报\\.cache\\media\\images\\c59b3a6438c5f7e99e91d5e3714d3493.svg'
    }
  },
  videos: {},
  audios: {},
  fonts: {}
}
[2026-08-16 13:13:32.792] [INFO ] [pid=5100] [commit] commit send pageId=888e01 targetIndex=24 version=59 baseVersion=92 revisionBytes=7580
[2026-08-16 13:13:32.796] [INFO ] [pid=5100] [commit] commit ok pageId=888e01 revisionId=7ff6229a ms=4
[2026-08-16 13:13:32.798] [INFO ] [pid=5100] [backend-ops] addSlideAt ok pageId=25_sec10 slideId=888e01 index=24 version=59 baseVersion=92 revisionId=7ff6229a code=0 images=[local=1 remote=0 cached=0 failed=0] ms=20
[2026-08-16 13:13:32.798] [INFO ] [pid=5100] [sync] aligned round=26 attempt=1 size=25 desired=25 pendingDirtySize=0
[2026-08-16 13:13:32.799] [INFO ] [pid=5100] [sync] reconcile ok round=26 attempt=1 ms=21
[2026-08-16 13:13:32.799] [INFO ] [pid=5100] [backend-ops] save start file=D:\dev\GitHub\project\pro_pptwrite\商业计划书汇报\商业计划书.pptx
[2026-08-16 13:13:32.799] [INFO ] [pid=5100] [commit] save send filePath=D:\dev\GitHub\project\pro_pptwrite\商业计划书汇报\商业计划书.pptx
[2026-08-16 13:13:32.879] [INFO ] [pid=5100] [commit] save ok file_path=D:\dev\GitHub\project\pro_pptwrite\商业计划书汇报\商业计划书.pptx ms=80
[2026-08-16 13:13:32.879] [INFO ] [pid=5100] [backend-ops] save ok file_path=D:\dev\GitHub\project\pro_pptwrite\商业计划书汇报\商业计划书.pptx ms=80
[2026-08-16 13:13:32.879] [INFO ] [pid=5100] [sync] drain end round=26 reconciles=1 mergedSubmits=1 pendingDirtySize=0 ms=101
[2026-08-16 13:13:42.911] [INFO ] [pid=5100] [watcher] event=add file=slides\26_compliance.slide
[2026-08-16 13:13:43.412] [INFO ] [pid=5100] [watcher] flush batch dirty=[26_compliance] size=1
[2026-08-16 13:13:43.412] [INFO ] [pid=5100] [sync] submit nextRound=27 dirty=26_compliance pendingDirtySize=1 merged=no
[2026-08-16 13:13:43.413] [INFO ] [pid=5100] [sync] drain start round=27 pendingDirtySize=1
[2026-08-16 13:13:43.413] [INFO ] [pid=5100] [sync] step=add round=27 attempt=1 pageId=26_compliance index=25
[2026-08-16 13:13:43.413] [INFO ] [pid=5100] [backend-ops] addSlideAt start pageId=26_compliance index=25
[2026-08-16 13:13:43.413] [INFO ] [pid=5100] [render] start pageId=26_compliance file=D:\dev\GitHub\project\pro_pptwrite\商业计划书汇报\slides\26_compliance.slide
[2026-08-16 13:13:43.517] [INFO ] [pid=5100] [render] ok pageId=26_compliance slides=1 ms=104
[2026-08-16 13:13:43.517] [INFO ] [pid=5100] [render] renderSlideData result.resources={
  images: {
    'rel:00ycx4m9': {
      id: 'rel:00ycx4m9',
      src: 'D:\\dev\\GitHub\\project\\pro_pptwrite\\商业计划书汇报\\.cache\\media\\images\\7d06942860f71d5d5c19ba3622ed6a90.svg'
    }
  },
  videos: {},
  audios: {},
  fonts: {}
}
[2026-08-16 13:13:43.523] [INFO ] [pid=5100] [commit] commit send pageId=56f369 targetIndex=25 version=60 baseVersion=93 revisionBytes=32772
[2026-08-16 13:13:43.530] [INFO ] [pid=5100] [commit] commit ok pageId=56f369 revisionId=e0a37bc3 ms=6
[2026-08-16 13:13:43.531] [INFO ] [pid=5100] [backend-ops] addSlideAt ok pageId=26_compliance slideId=56f369 index=25 version=60 baseVersion=93 revisionId=e0a37bc3 code=0 images=[local=1 remote=0 cached=0 failed=0] ms=118
[2026-08-16 13:13:43.532] [INFO ] [pid=5100] [sync] aligned round=27 attempt=1 size=26 desired=26 pendingDirtySize=0
[2026-08-16 13:13:43.532] [INFO ] [pid=5100] [sync] reconcile ok round=27 attempt=1 ms=119
[2026-08-16 13:13:43.532] [INFO ] [pid=5100] [backend-ops] save start file=D:\dev\GitHub\project\pro_pptwrite\商业计划书汇报\商业计划书.pptx
[2026-08-16 13:13:43.532] [INFO ] [pid=5100] [commit] save send filePath=D:\dev\GitHub\project\pro_pptwrite\商业计划书汇报\商业计划书.pptx
[2026-08-16 13:13:43.620] [INFO ] [pid=5100] [commit] save ok file_path=D:\dev\GitHub\project\pro_pptwrite\商业计划书汇报\商业计划书.pptx ms=87
[2026-08-16 13:13:43.620] [INFO ] [pid=5100] [backend-ops] save ok file_path=D:\dev\GitHub\project\pro_pptwrite\商业计划书汇报\商业计划书.pptx ms=88
[2026-08-16 13:13:43.620] [INFO ] [pid=5100] [sync] drain end round=27 reconciles=1 mergedSubmits=1 pendingDirtySize=0 ms=207
[2026-08-16 13:13:50.094] [INFO ] [pid=5100] [watcher] event=add file=slides\27_ending.slide
[2026-08-16 13:13:50.595] [INFO ] [pid=5100] [watcher] flush batch dirty=[27_ending] size=1
[2026-08-16 13:13:50.596] [INFO ] [pid=5100] [sync] submit nextRound=28 dirty=27_ending pendingDirtySize=1 merged=no
[2026-08-16 13:13:50.596] [INFO ] [pid=5100] [sync] drain start round=28 pendingDirtySize=1
[2026-08-16 13:13:50.596] [INFO ] [pid=5100] [sync] step=add round=28 attempt=1 pageId=27_ending index=26
[2026-08-16 13:13:50.596] [INFO ] [pid=5100] [backend-ops] addSlideAt start pageId=27_ending index=26
[2026-08-16 13:13:50.597] [INFO ] [pid=5100] [render] start pageId=27_ending file=D:\dev\GitHub\project\pro_pptwrite\商业计划书汇报\slides\27_ending.slide
[2026-08-16 13:13:50.630] [INFO ] [pid=5100] [render] ok pageId=27_ending slides=1 ms=34
[2026-08-16 13:13:50.630] [INFO ] [pid=5100] [render] renderSlideData result.resources={
  images: {
    'rel:014s7qs3': {
      id: 'rel:014s7qs3',
      src: 'D:\\dev\\GitHub\\project\\pro_pptwrite\\商业计划书汇报\\.cache\\media\\images\\bdc7b1f0c2ef803900dd8074d3c8bd0d.svg'
    },
    'rel:00ogwjre': {
      id: 'rel:00ogwjre',
      src: 'D:\\dev\\GitHub\\project\\pro_pptwrite\\商业计划书汇报\\.cache\\media\\images\\2a7a9e49bf35247665cc04666ffb8638.svg'
    }
  },
  videos: {},
  audios: {},
  fonts: {}
}
[2026-08-16 13:13:50.633] [INFO ] [pid=5100] [commit] commit send pageId=802f33 targetIndex=26 version=61 baseVersion=94 revisionBytes=9688
[2026-08-16 13:13:50.637] [INFO ] [pid=5100] [commit] commit ok pageId=802f33 revisionId=081b66d6 ms=4
[2026-08-16 13:13:50.639] [INFO ] [pid=5100] [backend-ops] addSlideAt ok pageId=27_ending slideId=802f33 index=26 version=61 baseVersion=94 revisionId=081b66d6 code=0 images=[local=2 remote=0 cached=0 failed=0] ms=43
[2026-08-16 13:13:50.639] [INFO ] [pid=5100] [sync] aligned round=28 attempt=1 size=27 desired=27 pendingDirtySize=0
[2026-08-16 13:13:50.639] [INFO ] [pid=5100] [sync] reconcile ok round=28 attempt=1 ms=43
[2026-08-16 13:13:50.640] [INFO ] [pid=5100] [backend-ops] save start file=D:\dev\GitHub\project\pro_pptwrite\商业计划书汇报\商业计划书.pptx
[2026-08-16 13:13:50.640] [INFO ] [pid=5100] [commit] save send filePath=D:\dev\GitHub\project\pro_pptwrite\商业计划书汇报\商业计划书.pptx
[2026-08-16 13:13:50.725] [INFO ] [pid=5100] [commit] save ok file_path=D:\dev\GitHub\project\pro_pptwrite\商业计划书汇报\商业计划书.pptx ms=85
[2026-08-16 13:13:50.726] [INFO ] [pid=5100] [backend-ops] save ok file_path=D:\dev\GitHub\project\pro_pptwrite\商业计划书汇报\商业计划书.pptx ms=86
[2026-08-16 13:13:50.726] [INFO ] [pid=5100] [sync] drain end round=28 reconciles=1 mergedSubmits=1 pendingDirtySize=0 ms=130
=== boot pid=11672 ts=2026-08-16 13:13:57.517 cwd=D:\dev\GitHub\project\pro_pptwrite\商业计划书汇报 argv=C:\Users\Administrator\.workbuddy\binaries\node\versions\22.22.2\node_modules\@tencent\slidep\dist\slidep-validate.js --all --project D:/dev/GitHub/project/pro_pptwrite/商业计划书汇报 ===
[2026-08-16 13:13:57.515] [INFO ] [pid=11672] [validate] --all mode: found 27 files in D:\dev\GitHub\project\pro_pptwrite\商业计划书汇报\slides
[2026-08-16 13:13:57.517] [INFO ] [pid=11672] [validate] batch start files=27 checkOverflow=true
[2026-08-16 13:13:59.286] [INFO ] [pid=11672] [validate] batch done total=27 passed=27 failed=0 ms=1771
[2026-08-16 13:50:38.020] [INFO ] [pid=5100] [watcher] event=change file=slides\01_cover.slide
[2026-08-16 13:50:38.020] [INFO ] [pid=5100] [watcher] event=change file=slides\27_ending.slide
[2026-08-16 13:50:38.533] [INFO ] [pid=5100] [watcher] flush batch dirty=[01_cover,27_ending] size=2
[2026-08-16 13:50:38.533] [INFO ] [pid=5100] [sync] submit nextRound=29 dirty=01_cover,27_ending pendingDirtySize=2 merged=no
[2026-08-16 13:50:38.533] [INFO ] [pid=5100] [sync] drain start round=29 pendingDirtySize=2
[2026-08-16 13:50:38.534] [INFO ] [pid=5100] [sync] step=remove-dirty round=29 attempt=1 pageId=01_cover index=0
[2026-08-16 13:50:38.534] [INFO ] [pid=5100] [backend-ops] removeSlideAt start index=0
[2026-08-16 13:50:38.537] [INFO ] [pid=5100] [mcp] mcp:slide_remove_slide send url=http://127.0.0.1:39099/mcp args={"file_id":"sid_msvco6q7_3nnclyjp","page_index":0}
[2026-08-16 13:50:38.540] [INFO ] [pid=5100] [mcp] mcp:slide_remove_slide ok ms=2
[2026-08-16 13:50:38.540] [INFO ] [pid=5100] [backend-ops] removeSlideAt ok index=0 serverVersion=96 ms=6
[2026-08-16 13:50:38.541] [INFO ] [pid=5100] [sync] step=remove-dirty round=29 attempt=1 pageId=27_ending index=25
[2026-08-16 13:50:38.541] [INFO ] [pid=5100] [backend-ops] removeSlideAt start index=25
[2026-08-16 13:50:38.543] [INFO ] [pid=5100] [mcp] mcp:slide_remove_slide send url=http://127.0.0.1:39099/mcp args={"file_id":"sid_msvco6q7_3nnclyjp","page_index":25}
[2026-08-16 13:50:38.545] [INFO ] [pid=5100] [mcp] mcp:slide_remove_slide ok ms=2
[2026-08-16 13:50:38.546] [INFO ] [pid=5100] [backend-ops] removeSlideAt ok index=25 serverVersion=97 ms=5
[2026-08-16 13:50:38.546] [INFO ] [pid=5100] [sync] step=add round=29 attempt=1 pageId=01_cover index=0
[2026-08-16 13:50:38.546] [INFO ] [pid=5100] [backend-ops] addSlideAt start pageId=01_cover index=0
[2026-08-16 13:50:38.547] [INFO ] [pid=5100] [render] start pageId=01_cover file=D:\dev\GitHub\project\pro_pptwrite\商业计划书汇报\slides\01_cover.slide
[2026-08-16 13:50:38.614] [INFO ] [pid=5100] [render] ok pageId=01_cover slides=1 ms=67
[2026-08-16 13:50:38.615] [INFO ] [pid=5100] [render] renderSlideData result.resources={
  images: {
    'rel:01u1r4bw': {
      id: 'rel:01u1r4bw',
      src: 'D:\\dev\\GitHub\\project\\pro_pptwrite\\商业计划书汇报\\.cache\\media\\images\\87707d7d73581762745c7ccc341898f5.png'
    },
    'rel:001z1o9p': {
      id: 'rel:001z1o9p',
      src: 'D:\\dev\\GitHub\\project\\pro_pptwrite\\商业计划书汇报\\.cache\\media\\images\\f5971b58323cd5cfc83921390105049a.svg'
    },
    'rel:01tna6mq': {
      id: 'rel:01tna6mq',
      src: 'D:\\dev\\GitHub\\project\\pro_pptwrite\\商业计划书汇报\\.cache\\media\\images\\d37d31514ba9afb5d17395fa63dab15c.svg'
    }
  },
  videos: {},
  audios: {},
  fonts: {}
}
[2026-08-16 13:50:38.628] [INFO ] [pid=5100] [commit] commit send pageId=12dab6 targetIndex=0 version=62 baseVersion=97 revisionBytes=3148348
[2026-08-16 13:50:38.691] [INFO ] [pid=5100] [commit] commit ok pageId=12dab6 revisionId=cb1a5dc3 ms=62
[2026-08-16 13:50:38.694] [INFO ] [pid=5100] [backend-ops] addSlideAt ok pageId=01_cover slideId=12dab6 index=0 version=62 baseVersion=97 revisionId=cb1a5dc3 code=0 images=[local=3 remote=0 cached=0 failed=0] ms=148
[2026-08-16 13:50:38.694] [INFO ] [pid=5100] [sync] step=add round=29 attempt=1 pageId=27_ending index=26
[2026-08-16 13:50:38.694] [INFO ] [pid=5100] [backend-ops] addSlideAt start pageId=27_ending index=26
[2026-08-16 13:50:38.695] [INFO ] [pid=5100] [render] start pageId=27_ending file=D:\dev\GitHub\project\pro_pptwrite\商业计划书汇报\slides\27_ending.slide
[2026-08-16 13:50:38.721] [INFO ] [pid=5100] [render] ok pageId=27_ending slides=1 ms=26
[2026-08-16 13:50:38.721] [INFO ] [pid=5100] [render] renderSlideData result.resources={
  images: {
    'rel:01u1r4bw': {
      id: 'rel:01u1r4bw',
      src: 'D:\\dev\\GitHub\\project\\pro_pptwrite\\商业计划书汇报\\.cache\\media\\images\\87707d7d73581762745c7ccc341898f5.png'
    },
    'rel:010tgski': {
      id: 'rel:010tgski',
      src: 'D:\\dev\\GitHub\\project\\pro_pptwrite\\商业计划书汇报\\.cache\\media\\images\\22810753c9fce172a31f86e368c20252.svg'
    },
    'rel:00ogwjre': {
      id: 'rel:00ogwjre',
      src: 'D:\\dev\\GitHub\\project\\pro_pptwrite\\商业计划书汇报\\.cache\\media\\images\\2a7a9e49bf35247665cc04666ffb8638.svg'
    }
  },
  videos: {},
  audios: {},
  fonts: {}
}
[2026-08-16 13:50:38.736] [INFO ] [pid=5100] [commit] commit send pageId=960844 targetIndex=26 version=63 baseVersion=98 revisionBytes=3142260
[2026-08-16 13:50:38.791] [INFO ] [pid=5100] [commit] commit ok pageId=960844 revisionId=058a7442 ms=55
[2026-08-16 13:50:38.793] [INFO ] [pid=5100] [backend-ops] addSlideAt ok pageId=27_ending slideId=960844 index=26 version=63 baseVersion=98 revisionId=058a7442 code=0 images=[local=3 remote=0 cached=0 failed=0] ms=99
[2026-08-16 13:50:38.794] [INFO ] [pid=5100] [sync] aligned round=29 attempt=1 size=27 desired=27 pendingDirtySize=0
[2026-08-16 13:50:38.794] [INFO ] [pid=5100] [sync] reconcile ok round=29 attempt=1 ms=260
[2026-08-16 13:50:38.795] [INFO ] [pid=5100] [backend-ops] save start file=D:\dev\GitHub\project\pro_pptwrite\商业计划书汇报\商业计划书.pptx
[2026-08-16 13:50:38.795] [INFO ] [pid=5100] [commit] save send filePath=D:\dev\GitHub\project\pro_pptwrite\商业计划书汇报\商业计划书.pptx
[2026-08-16 13:50:38.908] [INFO ] [pid=5100] [commit] save ok file_path=D:\dev\GitHub\project\pro_pptwrite\商业计划书汇报\商业计划书.pptx ms=113
[2026-08-16 13:50:38.909] [INFO ] [pid=5100] [backend-ops] save ok file_path=D:\dev\GitHub\project\pro_pptwrite\商业计划书汇报\商业计划书.pptx ms=114
[2026-08-16 13:50:38.909] [INFO ] [pid=5100] [sync] drain end round=29 reconciles=1 mergedSubmits=1 pendingDirtySize=0 ms=376
[2026-08-16 13:53:53.778] [INFO ] [pid=5100] [watcher] event=change file=slides\03_sec01.slide
[2026-08-16 13:53:53.792] [INFO ] [pid=5100] [watcher] event=change file=slides\06_sec02.slide
[2026-08-16 13:53:53.792] [INFO ] [pid=5100] [watcher] event=change file=slides\14_sec05.slide
[2026-08-16 13:53:53.793] [INFO ] [pid=5100] [watcher] event=change file=slides\11_sec04.slide
[2026-08-16 13:53:53.793] [INFO ] [pid=5100] [watcher] event=change file=slides\16_sec06.slide
[2026-08-16 13:53:53.793] [INFO ] [pid=5100] [watcher] event=change file=slides\19_sec07.slide
[2026-08-16 13:53:53.794] [INFO ] [pid=5100] [watcher] event=change file=slides\08_sec03.slide
[2026-08-16 13:53:53.794] [INFO ] [pid=5100] [watcher] event=change file=slides\21_sec08.slide
[2026-08-16 13:53:53.794] [INFO ] [pid=5100] [watcher] event=change file=slides\23_sec09.slide
[2026-08-16 13:53:53.795] [INFO ] [pid=5100] [watcher] event=change file=slides\25_sec10.slide
[2026-08-16 13:53:54.299] [INFO ] [pid=5100] [watcher] flush batch dirty=[03_sec01,06_sec02,14_sec05,11_sec04,16_sec06,19_sec07,08_sec03,21_sec08,23_sec09,25_sec10] size=10
[2026-08-16 13:53:54.299] [INFO ] [pid=5100] [sync] submit nextRound=30 dirty=03_sec01,06_sec02,14_sec05,11_sec04,16_sec06,19_sec07,08_sec03,21_sec08,23_sec09,25_sec10 pendingDirtySize=10 merged=no
[2026-08-16 13:53:54.300] [INFO ] [pid=5100] [sync] drain start round=30 pendingDirtySize=10
[2026-08-16 13:53:54.300] [INFO ] [pid=5100] [sync] step=remove-dirty round=30 attempt=1 pageId=03_sec01 index=2
[2026-08-16 13:53:54.300] [INFO ] [pid=5100] [backend-ops] removeSlideAt start index=2
[2026-08-16 13:53:54.303] [INFO ] [pid=5100] [mcp] mcp:slide_remove_slide send url=http://127.0.0.1:39099/mcp args={"file_id":"sid_msvco6q7_3nnclyjp","page_index":2}
[2026-08-16 13:53:54.306] [INFO ] [pid=5100] [mcp] mcp:slide_remove_slide ok ms=2
[2026-08-16 13:53:54.307] [INFO ] [pid=5100] [backend-ops] removeSlideAt ok index=2 serverVersion=100 ms=7
[2026-08-16 13:53:54.307] [INFO ] [pid=5100] [sync] step=remove-dirty round=30 attempt=1 pageId=06_sec02 index=4
[2026-08-16 13:53:54.308] [INFO ] [pid=5100] [backend-ops] removeSlideAt start index=4
[2026-08-16 13:53:54.310] [INFO ] [pid=5100] [mcp] mcp:slide_remove_slide send url=http://127.0.0.1:39099/mcp args={"file_id":"sid_msvco6q7_3nnclyjp","page_index":4}
[2026-08-16 13:53:54.313] [INFO ] [pid=5100] [mcp] mcp:slide_remove_slide ok ms=2
[2026-08-16 13:53:54.314] [INFO ] [pid=5100] [backend-ops] removeSlideAt ok index=4 serverVersion=101 ms=6
[2026-08-16 13:53:54.314] [INFO ] [pid=5100] [sync] step=remove-dirty round=30 attempt=1 pageId=08_sec03 index=5
[2026-08-16 13:53:54.315] [INFO ] [pid=5100] [backend-ops] removeSlideAt start index=5
[2026-08-16 13:53:54.318] [INFO ] [pid=5100] [mcp] mcp:slide_remove_slide send url=http://127.0.0.1:39099/mcp args={"file_id":"sid_msvco6q7_3nnclyjp","page_index":5}
[2026-08-16 13:53:54.320] [INFO ] [pid=5100] [mcp] mcp:slide_remove_slide ok ms=2
[2026-08-16 13:53:54.320] [INFO ] [pid=5100] [backend-ops] removeSlideAt ok index=5 serverVersion=102 ms=5
[2026-08-16 13:53:54.321] [INFO ] [pid=5100] [sync] step=remove-dirty round=30 attempt=1 pageId=11_sec04 index=7
[2026-08-16 13:53:54.321] [INFO ] [pid=5100] [backend-ops] removeSlideAt start index=7
[2026-08-16 13:53:54.323] [INFO ] [pid=5100] [mcp] mcp:slide_remove_slide send url=http://127.0.0.1:39099/mcp args={"file_id":"sid_msvco6q7_3nnclyjp","page_index":7}
[2026-08-16 13:53:54.326] [INFO ] [pid=5100] [mcp] mcp:slide_remove_slide ok ms=2
[2026-08-16 13:53:54.327] [INFO ] [pid=5100] [backend-ops] removeSlideAt ok index=7 serverVersion=103 ms=6
[2026-08-16 13:53:54.327] [INFO ] [pid=5100] [sync] step=remove-dirty round=30 attempt=1 pageId=14_sec05 index=9
[2026-08-16 13:53:54.327] [INFO ] [pid=5100] [backend-ops] removeSlideAt start index=9
[2026-08-16 13:53:54.329] [INFO ] [pid=5100] [mcp] mcp:slide_remove_slide send url=http://127.0.0.1:39099/mcp args={"file_id":"sid_msvco6q7_3nnclyjp","page_index":9}
[2026-08-16 13:53:54.332] [INFO ] [pid=5100] [mcp] mcp:slide_remove_slide ok ms=2
[2026-08-16 13:53:54.332] [INFO ] [pid=5100] [backend-ops] removeSlideAt ok index=9 serverVersion=104 ms=5
[2026-08-16 13:53:54.333] [INFO ] [pid=5100] [sync] step=remove-dirty round=30 attempt=1 pageId=16_sec06 index=10
[2026-08-16 13:53:54.333] [INFO ] [pid=5100] [backend-ops] removeSlideAt start index=10
[2026-08-16 13:53:54.335] [INFO ] [pid=5100] [mcp] mcp:slide_remove_slide send url=http://127.0.0.1:39099/mcp args={"file_id":"sid_msvco6q7_3nnclyjp","page_index":10}
[2026-08-16 13:53:54.338] [INFO ] [pid=5100] [mcp] mcp:slide_remove_slide ok ms=2
[2026-08-16 13:53:54.339] [INFO ] [pid=5100] [backend-ops] removeSlideAt ok index=10 serverVersion=105 ms=6
[2026-08-16 13:53:54.339] [INFO ] [pid=5100] [sync] step=remove-dirty round=30 attempt=1 pageId=19_sec07 index=12
[2026-08-16 13:53:54.339] [INFO ] [pid=5100] [backend-ops] removeSlideAt start index=12
[2026-08-16 13:53:54.342] [INFO ] [pid=5100] [mcp] mcp:slide_remove_slide send url=http://127.0.0.1:39099/mcp args={"file_id":"sid_msvco6q7_3nnclyjp","page_index":12}
[2026-08-16 13:53:54.345] [INFO ] [pid=5100] [mcp] mcp:slide_remove_slide ok ms=3
[2026-08-16 13:53:54.345] [INFO ] [pid=5100] [backend-ops] removeSlideAt ok index=12 serverVersion=106 ms=6
[2026-08-16 13:53:54.346] [INFO ] [pid=5100] [sync] step=remove-dirty round=30 attempt=1 pageId=21_sec08 index=13
[2026-08-16 13:53:54.346] [INFO ] [pid=5100] [backend-ops] removeSlideAt start index=13
[2026-08-16 13:53:54.348] [INFO ] [pid=5100] [mcp] mcp:slide_remove_slide send url=http://127.0.0.1:39099/mcp args={"file_id":"sid_msvco6q7_3nnclyjp","page_index":13}
[2026-08-16 13:53:54.351] [INFO ] [pid=5100] [mcp] mcp:slide_remove_slide ok ms=2
[2026-08-16 13:53:54.352] [INFO ] [pid=5100] [backend-ops] removeSlideAt ok index=13 serverVersion=107 ms=6
[2026-08-16 13:53:54.352] [INFO ] [pid=5100] [sync] step=remove-dirty round=30 attempt=1 pageId=23_sec09 index=14
[2026-08-16 13:53:54.352] [INFO ] [pid=5100] [backend-ops] removeSlideAt start index=14
[2026-08-16 13:53:54.355] [INFO ] [pid=5100] [mcp] mcp:slide_remove_slide send url=http://127.0.0.1:39099/mcp args={"file_id":"sid_msvco6q7_3nnclyjp","page_index":14}
[2026-08-16 13:53:54.358] [INFO ] [pid=5100] [mcp] mcp:slide_remove_slide ok ms=3
[2026-08-16 13:53:54.358] [INFO ] [pid=5100] [backend-ops] removeSlideAt ok index=14 serverVersion=108 ms=6
[2026-08-16 13:53:54.359] [INFO ] [pid=5100] [sync] step=remove-dirty round=30 attempt=1 pageId=25_sec10 index=15
[2026-08-16 13:53:54.359] [INFO ] [pid=5100] [backend-ops] removeSlideAt start index=15
[2026-08-16 13:53:54.362] [INFO ] [pid=5100] [mcp] mcp:slide_remove_slide send url=http://127.0.0.1:39099/mcp args={"file_id":"sid_msvco6q7_3nnclyjp","page_index":15}
[2026-08-16 13:53:54.365] [INFO ] [pid=5100] [mcp] mcp:slide_remove_slide ok ms=2
[2026-08-16 13:53:54.365] [INFO ] [pid=5100] [backend-ops] removeSlideAt ok index=15 serverVersion=109 ms=6
[2026-08-16 13:53:54.366] [INFO ] [pid=5100] [sync] step=add round=30 attempt=1 pageId=03_sec01 index=2
[2026-08-16 13:53:54.366] [INFO ] [pid=5100] [backend-ops] addSlideAt start pageId=03_sec01 index=2
[2026-08-16 13:53:54.366] [INFO ] [pid=5100] [render] start pageId=03_sec01 file=D:\dev\GitHub\project\pro_pptwrite\商业计划书汇报\slides\03_sec01.slide
[2026-08-16 13:53:54.392] [INFO ] [pid=5100] [render] ok pageId=03_sec01 slides=1 ms=26
[2026-08-16 13:53:54.393] [INFO ] [pid=5100] [render] renderSlideData result.resources={
  images: {
    'rel:01u1r4bw': {
      id: 'rel:01u1r4bw',
      src: 'D:\\dev\\GitHub\\project\\pro_pptwrite\\商业计划书汇报\\.cache\\media\\images\\87707d7d73581762745c7ccc341898f5.png'
    },
    'rel:012xx86a': {
      id: 'rel:012xx86a',
      src: 'D:\\dev\\GitHub\\project\\pro_pptwrite\\商业计划书汇报\\.cache\\media\\images\\8387fe6801c9df15afdbf230f2e084bf.svg'
    }
  },
  videos: {},
  audios: {},
  fonts: {}
}
[2026-08-16 13:53:54.408] [INFO ] [pid=5100] [commit] commit send pageId=000e6c targetIndex=2 version=64 baseVersion=109 revisionBytes=3139200
[2026-08-16 13:53:54.461] [INFO ] [pid=5100] [commit] commit ok pageId=000e6c revisionId=9881381c ms=52
[2026-08-16 13:53:54.463] [INFO ] [pid=5100] [backend-ops] addSlideAt ok pageId=03_sec01 slideId=000e6c index=2 version=64 baseVersion=109 revisionId=9881381c code=0 images=[local=2 remote=0 cached=0 failed=0] ms=97
[2026-08-16 13:53:54.464] [INFO ] [pid=5100] [sync] step=add round=30 attempt=1 pageId=06_sec02 index=5
[2026-08-16 13:53:54.464] [INFO ] [pid=5100] [backend-ops] addSlideAt start pageId=06_sec02 index=5
[2026-08-16 13:53:54.464] [INFO ] [pid=5100] [render] start pageId=06_sec02 file=D:\dev\GitHub\project\pro_pptwrite\商业计划书汇报\slides\06_sec02.slide
[2026-08-16 13:53:54.494] [INFO ] [pid=5100] [render] ok pageId=06_sec02 slides=1 ms=30
[2026-08-16 13:53:54.494] [INFO ] [pid=5100] [render] renderSlideData result.resources={
  images: {
    'rel:00npalh3': {
      id: 'rel:00npalh3',
      src: 'D:\\dev\\GitHub\\project\\pro_pptwrite\\商业计划书汇报\\.cache\\media\\images\\6d3a31f11894231675a3e77dc0add4c2.png'
    },
    'rel:012xx86a': {
      id: 'rel:012xx86a',
      src: 'D:\\dev\\GitHub\\project\\pro_pptwrite\\商业计划书汇报\\.cache\\media\\images\\8387fe6801c9df15afdbf230f2e084bf.svg'
    }
  },
  videos: {},
  audios: {},
  fonts: {}
}
[2026-08-16 13:53:54.507] [INFO ] [pid=5100] [commit] commit send pageId=6d9f97 targetIndex=5 version=65 baseVersion=110 revisionBytes=3741596
[2026-08-16 13:53:54.568] [INFO ] [pid=5100] [commit] commit ok pageId=6d9f97 revisionId=1f36e78b ms=60
[2026-08-16 13:53:54.569] [INFO ] [pid=5100] [backend-ops] addSlideAt ok pageId=06_sec02 slideId=6d9f97 index=5 version=65 baseVersion=110 revisionId=1f36e78b code=0 images=[local=2 remote=0 cached=0 failed=0] ms=105
[2026-08-16 13:53:54.570] [INFO ] [pid=5100] [sync] step=add round=30 attempt=1 pageId=08_sec03 index=7
[2026-08-16 13:53:54.570] [INFO ] [pid=5100] [backend-ops] addSlideAt start pageId=08_sec03 index=7
[2026-08-16 13:53:54.571] [INFO ] [pid=5100] [render] start pageId=08_sec03 file=D:\dev\GitHub\project\pro_pptwrite\商业计划书汇报\slides\08_sec03.slide
[2026-08-16 13:53:54.597] [INFO ] [pid=5100] [render] ok pageId=08_sec03 slides=1 ms=27
[2026-08-16 13:53:54.598] [INFO ] [pid=5100] [render] renderSlideData result.resources={
  images: {
    'rel:00dda6sv': {
      id: 'rel:00dda6sv',
      src: 'D:\\dev\\GitHub\\project\\pro_pptwrite\\商业计划书汇报\\.cache\\media\\images\\12d96e5e3303e6ee1badd85f731f2a01.png'
    },
    'rel:012xx86a': {
      id: 'rel:012xx86a',
      src: 'D:\\dev\\GitHub\\project\\pro_pptwrite\\商业计划书汇报\\.cache\\media\\images\\8387fe6801c9df15afdbf230f2e084bf.svg'
    }
  },
  videos: {},
  audios: {},
  fonts: {}
}
[2026-08-16 13:53:54.607] [INFO ] [pid=5100] [commit] commit send pageId=006b67 targetIndex=7 version=66 baseVersion=111 revisionBytes=3475488
[2026-08-16 13:53:54.660] [INFO ] [pid=5100] [commit] commit ok pageId=006b67 revisionId=309132a6 ms=53
[2026-08-16 13:53:54.662] [INFO ] [pid=5100] [backend-ops] addSlideAt ok pageId=08_sec03 slideId=006b67 index=7 version=66 baseVersion=111 revisionId=309132a6 code=0 images=[local=2 remote=0 cached=0 failed=0] ms=92
[2026-08-16 13:53:54.662] [INFO ] [pid=5100] [sync] step=add round=30 attempt=1 pageId=11_sec04 index=10
[2026-08-16 13:53:54.663] [INFO ] [pid=5100] [backend-ops] addSlideAt start pageId=11_sec04 index=10
[2026-08-16 13:53:54.663] [INFO ] [pid=5100] [render] start pageId=11_sec04 file=D:\dev\GitHub\project\pro_pptwrite\商业计划书汇报\slides\11_sec04.slide
[2026-08-16 13:53:54.693] [INFO ] [pid=5100] [render] ok pageId=11_sec04 slides=1 ms=30
[2026-08-16 13:53:54.694] [INFO ] [pid=5100] [render] renderSlideData result.resources={
  images: {
    'rel:00dda6sv': {
      id: 'rel:00dda6sv',
      src: 'D:\\dev\\GitHub\\project\\pro_pptwrite\\商业计划书汇报\\.cache\\media\\images\\12d96e5e3303e6ee1badd85f731f2a01.png'
    },
    'rel:012xx86a': {
      id: 'rel:012xx86a',
      src: 'D:\\dev\\GitHub\\project\\pro_pptwrite\\商业计划书汇报\\.cache\\media\\images\\8387fe6801c9df15afdbf230f2e084bf.svg'
    }
  },
  videos: {},
  audios: {},
  fonts: {}
}
[2026-08-16 13:53:54.705] [INFO ] [pid=5100] [commit] commit send pageId=b77b63 targetIndex=10 version=67 baseVersion=112 revisionBytes=3475488
[2026-08-16 13:53:54.757] [INFO ] [pid=5100] [commit] commit ok pageId=b77b63 revisionId=31161a9d ms=52
[2026-08-16 13:53:54.761] [INFO ] [pid=5100] [backend-ops] addSlideAt ok pageId=11_sec04 slideId=b77b63 index=10 version=67 baseVersion=112 revisionId=31161a9d code=0 images=[local=2 remote=0 cached=0 failed=0] ms=98
[2026-08-16 13:53:54.761] [INFO ] [pid=5100] [sync] step=add round=30 attempt=1 pageId=14_sec05 index=13
[2026-08-16 13:53:54.762] [INFO ] [pid=5100] [backend-ops] addSlideAt start pageId=14_sec05 index=13
[2026-08-16 13:53:54.762] [INFO ] [pid=5100] [render] start pageId=14_sec05 file=D:\dev\GitHub\project\pro_pptwrite\商业计划书汇报\slides\14_sec05.slide
[2026-08-16 13:53:54.778] [INFO ] [pid=5100] [render] ok pageId=14_sec05 slides=1 ms=16
[2026-08-16 13:53:54.778] [INFO ] [pid=5100] [render] renderSlideData result.resources={
  images: {
    'rel:00npalh3': {
      id: 'rel:00npalh3',
      src: 'D:\\dev\\GitHub\\project\\pro_pptwrite\\商业计划书汇报\\.cache\\media\\images\\6d3a31f11894231675a3e77dc0add4c2.png'
    },
    'rel:012xx86a': {
      id: 'rel:012xx86a',
      src: 'D:\\dev\\GitHub\\project\\pro_pptwrite\\商业计划书汇报\\.cache\\media\\images\\8387fe6801c9df15afdbf230f2e084bf.svg'
    }
  },
  videos: {},
  audios: {},
  fonts: {}
}
[2026-08-16 13:53:54.788] [INFO ] [pid=5100] [commit] commit send pageId=794dda targetIndex=13 version=68 baseVersion=113 revisionBytes=3742224
[2026-08-16 13:53:54.846] [INFO ] [pid=5100] [commit] commit ok pageId=794dda revisionId=fd334391 ms=57
[2026-08-16 13:53:54.847] [INFO ] [pid=5100] [backend-ops] addSlideAt ok pageId=14_sec05 slideId=794dda index=13 version=68 baseVersion=113 revisionId=fd334391 code=0 images=[local=2 remote=0 cached=0 failed=0] ms=85
[2026-08-16 13:53:54.848] [INFO ] [pid=5100] [sync] step=add round=30 attempt=1 pageId=16_sec06 index=15
[2026-08-16 13:53:54.849] [INFO ] [pid=5100] [backend-ops] addSlideAt start pageId=16_sec06 index=15
[2026-08-16 13:53:54.849] [INFO ] [pid=5100] [render] start pageId=16_sec06 file=D:\dev\GitHub\project\pro_pptwrite\商业计划书汇报\slides\16_sec06.slide
[2026-08-16 13:53:54.868] [INFO ] [pid=5100] [render] ok pageId=16_sec06 slides=1 ms=19
[2026-08-16 13:53:54.869] [INFO ] [pid=5100] [render] renderSlideData result.resources={
  images: {
    'rel:01u1r4bw': {
      id: 'rel:01u1r4bw',
      src: 'D:\\dev\\GitHub\\project\\pro_pptwrite\\商业计划书汇报\\.cache\\media\\images\\87707d7d73581762745c7ccc341898f5.png'
    },
    'rel:012xx86a': {
      id: 'rel:012xx86a',
      src: 'D:\\dev\\GitHub\\project\\pro_pptwrite\\商业计划书汇报\\.cache\\media\\images\\8387fe6801c9df15afdbf230f2e084bf.svg'
    }
  },
  videos: {},
  audios: {},
  fonts: {}
}
[2026-08-16 13:53:54.879] [INFO ] [pid=5100] [commit] commit send pageId=e02d8e targetIndex=15 version=69 baseVersion=114 revisionBytes=3139544
[2026-08-16 13:53:54.957] [INFO ] [pid=5100] [commit] commit ok pageId=e02d8e revisionId=816eb5e1 ms=78
[2026-08-16 13:53:54.959] [INFO ] [pid=5100] [backend-ops] addSlideAt ok pageId=16_sec06 slideId=e02d8e index=15 version=69 baseVersion=114 revisionId=816eb5e1 code=0 images=[local=2 remote=0 cached=0 failed=0] ms=110
[2026-08-16 13:53:54.959] [INFO ] [pid=5100] [sync] step=add round=30 attempt=1 pageId=19_sec07 index=18
[2026-08-16 13:53:54.960] [INFO ] [pid=5100] [backend-ops] addSlideAt start pageId=19_sec07 index=18
[2026-08-16 13:53:54.960] [INFO ] [pid=5100] [render] start pageId=19_sec07 file=D:\dev\GitHub\project\pro_pptwrite\商业计划书汇报\slides\19_sec07.slide
[2026-08-16 13:53:54.977] [INFO ] [pid=5100] [render] ok pageId=19_sec07 slides=1 ms=17
[2026-08-16 13:53:54.978] [INFO ] [pid=5100] [render] renderSlideData result.resources={
  images: {
    'rel:00npalh3': {
      id: 'rel:00npalh3',
      src: 'D:\\dev\\GitHub\\project\\pro_pptwrite\\商业计划书汇报\\.cache\\media\\images\\6d3a31f11894231675a3e77dc0add4c2.png'
    },
    'rel:012xx86a': {
      id: 'rel:012xx86a',
      src: 'D:\\dev\\GitHub\\project\\pro_pptwrite\\商业计划书汇报\\.cache\\media\\images\\8387fe6801c9df15afdbf230f2e084bf.svg'
    }
  },
  videos: {},
  audios: {},
  fonts: {}
}
[2026-08-16 13:53:54.987] [INFO ] [pid=5100] [commit] commit send pageId=44bd9d targetIndex=18 version=70 baseVersion=115 revisionBytes=3743508
[2026-08-16 13:53:55.045] [INFO ] [pid=5100] [commit] commit ok pageId=44bd9d revisionId=a6b24f23 ms=58
[2026-08-16 13:53:55.047] [INFO ] [pid=5100] [backend-ops] addSlideAt ok pageId=19_sec07 slideId=44bd9d index=18 version=70 baseVersion=115 revisionId=a6b24f23 code=0 images=[local=2 remote=0 cached=0 failed=0] ms=87
[2026-08-16 13:53:55.048] [INFO ] [pid=5100] [sync] step=add round=30 attempt=1 pageId=21_sec08 index=20
[2026-08-16 13:53:55.048] [INFO ] [pid=5100] [backend-ops] addSlideAt start pageId=21_sec08 index=20
[2026-08-16 13:53:55.048] [INFO ] [pid=5100] [render] start pageId=21_sec08 file=D:\dev\GitHub\project\pro_pptwrite\商业计划书汇报\slides\21_sec08.slide
[2026-08-16 13:53:55.071] [INFO ] [pid=5100] [render] ok pageId=21_sec08 slides=1 ms=23
[2026-08-16 13:53:55.071] [INFO ] [pid=5100] [render] renderSlideData result.resources={
  images: {
    'rel:00dda6sv': {
      id: 'rel:00dda6sv',
      src: 'D:\\dev\\GitHub\\project\\pro_pptwrite\\商业计划书汇报\\.cache\\media\\images\\12d96e5e3303e6ee1badd85f731f2a01.png'
    },
    'rel:012xx86a': {
      id: 'rel:012xx86a',
      src: 'D:\\dev\\GitHub\\project\\pro_pptwrite\\商业计划书汇报\\.cache\\media\\images\\8387fe6801c9df15afdbf230f2e084bf.svg'
    }
  },
  videos: {},
  audios: {},
  fonts: {}
}
[2026-08-16 13:53:55.082] [INFO ] [pid=5100] [commit] commit send pageId=a9fb3f targetIndex=20 version=71 baseVersion=116 revisionBytes=3475484
[2026-08-16 13:53:55.137] [INFO ] [pid=5100] [commit] commit ok pageId=a9fb3f revisionId=87512223 ms=55
[2026-08-16 13:53:55.139] [INFO ] [pid=5100] [backend-ops] addSlideAt ok pageId=21_sec08 slideId=a9fb3f index=20 version=71 baseVersion=116 revisionId=87512223 code=0 images=[local=2 remote=0 cached=0 failed=0] ms=91
[2026-08-16 13:53:55.139] [INFO ] [pid=5100] [sync] step=add round=30 attempt=1 pageId=23_sec09 index=22
[2026-08-16 13:53:55.140] [INFO ] [pid=5100] [backend-ops] addSlideAt start pageId=23_sec09 index=22
[2026-08-16 13:53:55.140] [INFO ] [pid=5100] [render] start pageId=23_sec09 file=D:\dev\GitHub\project\pro_pptwrite\商业计划书汇报\slides\23_sec09.slide
[2026-08-16 13:53:55.163] [INFO ] [pid=5100] [render] ok pageId=23_sec09 slides=1 ms=23
[2026-08-16 13:53:55.164] [INFO ] [pid=5100] [render] renderSlideData result.resources={
  images: {
    'rel:004ldj4v': {
      id: 'rel:004ldj4v',
      src: 'D:\\dev\\GitHub\\project\\pro_pptwrite\\商业计划书汇报\\.cache\\media\\images\\5aec2c3e0fb129093350159277cc9046.png'
    },
    'rel:012xx86a': {
      id: 'rel:012xx86a',
      src: 'D:\\dev\\GitHub\\project\\pro_pptwrite\\商业计划书汇报\\.cache\\media\\images\\8387fe6801c9df15afdbf230f2e084bf.svg'
    }
  },
  videos: {},
  audios: {},
  fonts: {}
}
[2026-08-16 13:53:55.170] [INFO ] [pid=5100] [commit] commit send pageId=5191a1 targetIndex=22 version=72 baseVersion=117 revisionBytes=2007888
[2026-08-16 13:53:55.200] [INFO ] [pid=5100] [commit] commit ok pageId=5191a1 revisionId=dfaa2512 ms=30
[2026-08-16 13:53:55.203] [INFO ] [pid=5100] [backend-ops] addSlideAt ok pageId=23_sec09 slideId=5191a1 index=22 version=72 baseVersion=117 revisionId=dfaa2512 code=0 images=[local=2 remote=0 cached=0 failed=0] ms=63
[2026-08-16 13:53:55.203] [INFO ] [pid=5100] [sync] step=add round=30 attempt=1 pageId=25_sec10 index=24
[2026-08-16 13:53:55.204] [INFO ] [pid=5100] [backend-ops] addSlideAt start pageId=25_sec10 index=24
[2026-08-16 13:53:55.204] [INFO ] [pid=5100] [render] start pageId=25_sec10 file=D:\dev\GitHub\project\pro_pptwrite\商业计划书汇报\slides\25_sec10.slide
[2026-08-16 13:53:55.218] [INFO ] [pid=5100] [render] ok pageId=25_sec10 slides=1 ms=14
[2026-08-16 13:53:55.218] [INFO ] [pid=5100] [render] renderSlideData result.resources={
  images: {
    'rel:01u1r4bw': {
      id: 'rel:01u1r4bw',
      src: 'D:\\dev\\GitHub\\project\\pro_pptwrite\\商业计划书汇报\\.cache\\media\\images\\87707d7d73581762745c7ccc341898f5.png'
    },
    'rel:012xx86a': {
      id: 'rel:012xx86a',
      src: 'D:\\dev\\GitHub\\project\\pro_pptwrite\\商业计划书汇报\\.cache\\media\\images\\8387fe6801c9df15afdbf230f2e084bf.svg'
    }
  },
  videos: {},
  audios: {},
  fonts: {}
}
[2026-08-16 13:53:55.227] [INFO ] [pid=5100] [commit] commit send pageId=a6cb68 targetIndex=24 version=73 baseVersion=118 revisionBytes=3139384
[2026-08-16 13:53:55.274] [INFO ] [pid=5100] [commit] commit ok pageId=a6cb68 revisionId=d6d71e81 ms=47
[2026-08-16 13:53:55.275] [INFO ] [pid=5100] [backend-ops] addSlideAt ok pageId=25_sec10 slideId=a6cb68 index=24 version=73 baseVersion=118 revisionId=d6d71e81 code=0 images=[local=2 remote=0 cached=0 failed=0] ms=71
[2026-08-16 13:53:55.275] [INFO ] [pid=5100] [sync] aligned round=30 attempt=1 size=27 desired=27 pendingDirtySize=0
[2026-08-16 13:53:55.276] [INFO ] [pid=5100] [sync] reconcile ok round=30 attempt=1 ms=976
[2026-08-16 13:53:55.276] [INFO ] [pid=5100] [backend-ops] save start file=D:\dev\GitHub\project\pro_pptwrite\商业计划书汇报\商业计划书.pptx
[2026-08-16 13:53:55.276] [INFO ] [pid=5100] [commit] save send filePath=D:\dev\GitHub\project\pro_pptwrite\商业计划书汇报\商业计划书.pptx
[2026-08-16 13:53:55.385] [INFO ] [pid=5100] [commit] save ok file_path=D:\dev\GitHub\project\pro_pptwrite\商业计划书汇报\商业计划书.pptx ms=109
[2026-08-16 13:53:55.386] [INFO ] [pid=5100] [backend-ops] save ok file_path=D:\dev\GitHub\project\pro_pptwrite\商业计划书汇报\商业计划书.pptx ms=110
[2026-08-16 13:53:55.386] [INFO ] [pid=5100] [sync] drain end round=30 reconciles=1 mergedSubmits=1 pendingDirtySize=0 ms=1086
=== boot pid=9908 ts=2026-08-16 13:54:05.510 cwd=D:\dev\GitHub\project\pro_pptwrite\商业计划书汇报 argv=C:\Users\Administrator\.workbuddy\binaries\node\versions\22.22.2\node_modules\@tencent\slidep\dist\slidep-validate.js --all --project D:/dev/GitHub/project/pro_pptwrite/商业计划书汇报 ===
[2026-08-16 13:54:05.509] [INFO ] [pid=9908] [validate] --all mode: found 27 files in D:\dev\GitHub\project\pro_pptwrite\商业计划书汇报\slides
[2026-08-16 13:54:05.510] [INFO ] [pid=9908] [validate] batch start files=27 checkOverflow=true
[2026-08-16 13:54:08.044] [INFO ] [pid=9908] [validate] batch done total=27 passed=27 failed=0 ms=2536
[2026-08-16 13:56:32.048] [INFO ] [pid=5100] [watcher] event=change file=slides\04_summary_core.slide
[2026-08-16 13:56:32.048] [INFO ] [pid=5100] [watcher] event=change file=slides\05_summary_value.slide
[2026-08-16 13:56:32.551] [INFO ] [pid=5100] [watcher] flush batch dirty=[04_summary_core,05_summary_value] size=2
[2026-08-16 13:56:32.552] [INFO ] [pid=5100] [sync] submit nextRound=31 dirty=04_summary_core,05_summary_value pendingDirtySize=2 merged=no
[2026-08-16 13:56:32.552] [INFO ] [pid=5100] [sync] drain start round=31 pendingDirtySize=2
[2026-08-16 13:56:32.552] [INFO ] [pid=5100] [sync] step=remove-dirty round=31 attempt=1 pageId=04_summary_core index=3
[2026-08-16 13:56:32.552] [INFO ] [pid=5100] [backend-ops] removeSlideAt start index=3
[2026-08-16 13:56:32.555] [INFO ] [pid=5100] [mcp] mcp:slide_remove_slide send url=http://127.0.0.1:39099/mcp args={"file_id":"sid_msvco6q7_3nnclyjp","page_index":3}
[2026-08-16 13:56:32.558] [INFO ] [pid=5100] [mcp] mcp:slide_remove_slide ok ms=3
[2026-08-16 13:56:32.558] [INFO ] [pid=5100] [backend-ops] removeSlideAt ok index=3 serverVersion=120 ms=6
[2026-08-16 13:56:32.559] [INFO ] [pid=5100] [sync] step=remove-dirty round=31 attempt=1 pageId=05_summary_value index=3
[2026-08-16 13:56:32.559] [INFO ] [pid=5100] [backend-ops] removeSlideAt start index=3
[2026-08-16 13:56:32.561] [INFO ] [pid=5100] [mcp] mcp:slide_remove_slide send url=http://127.0.0.1:39099/mcp args={"file_id":"sid_msvco6q7_3nnclyjp","page_index":3}
[2026-08-16 13:56:32.564] [INFO ] [pid=5100] [mcp] mcp:slide_remove_slide ok ms=2
[2026-08-16 13:56:32.564] [INFO ] [pid=5100] [backend-ops] removeSlideAt ok index=3 serverVersion=121 ms=5
[2026-08-16 13:56:32.565] [INFO ] [pid=5100] [sync] step=add round=31 attempt=1 pageId=04_summary_core index=3
[2026-08-16 13:56:32.565] [INFO ] [pid=5100] [backend-ops] addSlideAt start pageId=04_summary_core index=3
[2026-08-16 13:56:32.565] [INFO ] [pid=5100] [render] start pageId=04_summary_core file=D:\dev\GitHub\project\pro_pptwrite\商业计划书汇报\slides\04_summary_core.slide
[2026-08-16 13:56:32.706] [INFO ] [pid=5100] [render] ok pageId=04_summary_core slides=1 ms=141
[2026-08-16 13:56:32.706] [INFO ] [pid=5100] [render] renderSlideData result.resources={
  images: {
    'rel:01u1r4bw': {
      id: 'rel:01u1r4bw',
      src: 'D:\\dev\\GitHub\\project\\pro_pptwrite\\商业计划书汇报\\.cache\\media\\images\\87707d7d73581762745c7ccc341898f5.png'
    },
    'rel:00u5ko1k': {
      id: 'rel:00u5ko1k',
      src: 'D:\\dev\\GitHub\\project\\pro_pptwrite\\商业计划书汇报\\.cache\\media\\images\\5fd19eeb39ff2f574dc925b2f3bd55bc.png'
    },
    'rel:00dda6sv': {
      id: 'rel:00dda6sv',
      src: 'D:\\dev\\GitHub\\project\\pro_pptwrite\\商业计划书汇报\\.cache\\media\\images\\12d96e5e3303e6ee1badd85f731f2a01.png'
    },
    'rel:004ldj4v': {
      id: 'rel:004ldj4v',
      src: 'D:\\dev\\GitHub\\project\\pro_pptwrite\\商业计划书汇报\\.cache\\media\\images\\5aec2c3e0fb129093350159277cc9046.png'
    }
  },
  videos: {},
  audios: {},
  fonts: {}
}
[2026-08-16 13:56:32.734] [INFO ] [pid=5100] [commit] commit send pageId=dbfc50 targetIndex=3 version=74 baseVersion=121 revisionBytes=10469700
[2026-08-16 13:56:32.913] [INFO ] [pid=5100] [commit] commit ok pageId=dbfc50 revisionId=f10c0585 ms=178
[2026-08-16 13:56:32.914] [INFO ] [pid=5100] [backend-ops] addSlideAt ok pageId=04_summary_core slideId=dbfc50 index=3 version=74 baseVersion=121 revisionId=f10c0585 code=0 images=[local=4 remote=0 cached=0 failed=0] ms=349
[2026-08-16 13:56:32.915] [INFO ] [pid=5100] [sync] step=add round=31 attempt=1 pageId=05_summary_value index=4
[2026-08-16 13:56:32.915] [INFO ] [pid=5100] [backend-ops] addSlideAt start pageId=05_summary_value index=4
[2026-08-16 13:56:32.916] [INFO ] [pid=5100] [render] start pageId=05_summary_value file=D:\dev\GitHub\project\pro_pptwrite\商业计划书汇报\slides\05_summary_value.slide
[2026-08-16 13:56:33.002] [INFO ] [pid=5100] [render] ok pageId=05_summary_value slides=1 ms=86
[2026-08-16 13:56:33.002] [INFO ] [pid=5100] [render] renderSlideData result.resources={ images: {}, videos: {}, audios: {}, fonts: {} }
[2026-08-16 13:56:33.010] [INFO ] [pid=5100] [commit] commit send pageId=95686a targetIndex=4 version=75 baseVersion=122 revisionBytes=52720
[2026-08-16 13:56:33.019] [INFO ] [pid=5100] [commit] commit ok pageId=95686a revisionId=7bbac64e ms=9
[2026-08-16 13:56:33.021] [INFO ] [pid=5100] [backend-ops] addSlideAt ok pageId=05_summary_value slideId=95686a index=4 version=75 baseVersion=122 revisionId=7bbac64e code=0 images=[local=0 remote=0 cached=0 failed=0] ms=106
[2026-08-16 13:56:33.022] [INFO ] [pid=5100] [sync] aligned round=31 attempt=1 size=27 desired=27 pendingDirtySize=0
[2026-08-16 13:56:33.022] [INFO ] [pid=5100] [sync] reconcile ok round=31 attempt=1 ms=470
[2026-08-16 13:56:33.022] [INFO ] [pid=5100] [backend-ops] save start file=D:\dev\GitHub\project\pro_pptwrite\商业计划书汇报\商业计划书.pptx
[2026-08-16 13:56:33.023] [INFO ] [pid=5100] [commit] save send filePath=D:\dev\GitHub\project\pro_pptwrite\商业计划书汇报\商业计划书.pptx
[2026-08-16 13:56:33.140] [INFO ] [pid=5100] [commit] save ok file_path=D:\dev\GitHub\project\pro_pptwrite\商业计划书汇报\商业计划书.pptx ms=116
[2026-08-16 13:56:33.140] [INFO ] [pid=5100] [backend-ops] save ok file_path=D:\dev\GitHub\project\pro_pptwrite\商业计划书汇报\商业计划书.pptx ms=118
[2026-08-16 13:56:33.140] [INFO ] [pid=5100] [sync] drain end round=31 reconciles=1 mergedSubmits=1 pendingDirtySize=0 ms=588
[2026-08-16 13:58:33.512] [INFO ] [pid=5100] [watcher] event=change file=slides\13_asset.slide
[2026-08-16 13:58:33.512] [INFO ] [pid=5100] [watcher] event=change file=slides\12_company.slide
[2026-08-16 13:58:33.512] [INFO ] [pid=5100] [watcher] event=change file=slides\15_huwai.slide
[2026-08-16 13:58:34.027] [INFO ] [pid=5100] [watcher] flush batch dirty=[13_asset,12_company,15_huwai] size=3
[2026-08-16 13:58:34.027] [INFO ] [pid=5100] [sync] submit nextRound=32 dirty=13_asset,12_company,15_huwai pendingDirtySize=3 merged=no
[2026-08-16 13:58:34.027] [INFO ] [pid=5100] [sync] drain start round=32 pendingDirtySize=3
[2026-08-16 13:58:34.028] [INFO ] [pid=5100] [sync] step=remove-dirty round=32 attempt=1 pageId=12_company index=11
[2026-08-16 13:58:34.028] [INFO ] [pid=5100] [backend-ops] removeSlideAt start index=11
[2026-08-16 13:58:34.031] [INFO ] [pid=5100] [mcp] mcp:slide_remove_slide send url=http://127.0.0.1:39099/mcp args={"file_id":"sid_msvco6q7_3nnclyjp","page_index":11}
[2026-08-16 13:58:34.033] [INFO ] [pid=5100] [mcp] mcp:slide_remove_slide ok ms=2
[2026-08-16 13:58:34.034] [INFO ] [pid=5100] [backend-ops] removeSlideAt ok index=11 serverVersion=124 ms=6
[2026-08-16 13:58:34.034] [INFO ] [pid=5100] [sync] step=remove-dirty round=32 attempt=1 pageId=13_asset index=11
[2026-08-16 13:58:34.034] [INFO ] [pid=5100] [backend-ops] removeSlideAt start index=11
[2026-08-16 13:58:34.036] [INFO ] [pid=5100] [mcp] mcp:slide_remove_slide send url=http://127.0.0.1:39099/mcp args={"file_id":"sid_msvco6q7_3nnclyjp","page_index":11}
[2026-08-16 13:58:34.038] [INFO ] [pid=5100] [mcp] mcp:slide_remove_slide ok ms=2
[2026-08-16 13:58:34.038] [INFO ] [pid=5100] [backend-ops] removeSlideAt ok index=11 serverVersion=125 ms=4
[2026-08-16 13:58:34.038] [INFO ] [pid=5100] [sync] step=remove-dirty round=32 attempt=1 pageId=15_huwai index=12
[2026-08-16 13:58:34.038] [INFO ] [pid=5100] [backend-ops] removeSlideAt start index=12
[2026-08-16 13:58:34.040] [INFO ] [pid=5100] [mcp] mcp:slide_remove_slide send url=http://127.0.0.1:39099/mcp args={"file_id":"sid_msvco6q7_3nnclyjp","page_index":12}
[2026-08-16 13:58:34.042] [INFO ] [pid=5100] [mcp] mcp:slide_remove_slide ok ms=1
[2026-08-16 13:58:34.043] [INFO ] [pid=5100] [backend-ops] removeSlideAt ok index=12 serverVersion=126 ms=5
[2026-08-16 13:58:34.043] [INFO ] [pid=5100] [sync] step=add round=32 attempt=1 pageId=12_company index=11
[2026-08-16 13:58:34.043] [INFO ] [pid=5100] [backend-ops] addSlideAt start pageId=12_company index=11
[2026-08-16 13:58:34.043] [INFO ] [pid=5100] [render] start pageId=12_company file=D:\dev\GitHub\project\pro_pptwrite\商业计划书汇报\slides\12_company.slide
[2026-08-16 13:58:34.120] [INFO ] [pid=5100] [render] ok pageId=12_company slides=1 ms=77
[2026-08-16 13:58:34.121] [INFO ] [pid=5100] [render] renderSlideData result.resources={ images: {}, videos: {}, audios: {}, fonts: {} }
[2026-08-16 13:58:34.124] [INFO ] [pid=5100] [commit] commit send pageId=f493c1 targetIndex=11 version=76 baseVersion=126 revisionBytes=34016
[2026-08-16 13:58:34.131] [INFO ] [pid=5100] [commit] commit ok pageId=f493c1 revisionId=3679374c ms=5
[2026-08-16 13:58:34.132] [INFO ] [pid=5100] [backend-ops] addSlideAt ok pageId=12_company slideId=f493c1 index=11 version=76 baseVersion=126 revisionId=3679374c code=0 images=[local=0 remote=0 cached=0 failed=0] ms=89
[2026-08-16 13:58:34.132] [INFO ] [pid=5100] [sync] step=add round=32 attempt=1 pageId=13_asset index=12
[2026-08-16 13:58:34.132] [INFO ] [pid=5100] [backend-ops] addSlideAt start pageId=13_asset index=12
[2026-08-16 13:58:34.132] [INFO ] [pid=5100] [render] start pageId=13_asset file=D:\dev\GitHub\project\pro_pptwrite\商业计划书汇报\slides\13_asset.slide
[2026-08-16 13:58:34.209] [INFO ] [pid=5100] [render] ok pageId=13_asset slides=1 ms=77
[2026-08-16 13:58:34.209] [INFO ] [pid=5100] [render] renderSlideData result.resources={
  images: {
    'rel:00903hb7': {
      id: 'rel:00903hb7',
      src: 'D:\\dev\\GitHub\\project\\pro_pptwrite\\商业计划书汇报\\.cache\\media\\images\\ce4f590f7717dbe2b0f773bb40268527.svg'
    }
  },
  videos: {},
  audios: {},
  fonts: {}
}
[2026-08-16 13:58:34.214] [INFO ] [pid=5100] [commit] commit send pageId=bfc35b targetIndex=12 version=77 baseVersion=127 revisionBytes=25760
[2026-08-16 13:58:34.220] [INFO ] [pid=5100] [commit] commit ok pageId=bfc35b revisionId=d78acd78 ms=6
[2026-08-16 13:58:34.221] [INFO ] [pid=5100] [backend-ops] addSlideAt ok pageId=13_asset slideId=bfc35b index=12 version=77 baseVersion=127 revisionId=d78acd78 code=0 images=[local=1 remote=0 cached=0 failed=0] ms=89
[2026-08-16 13:58:34.222] [INFO ] [pid=5100] [sync] step=add round=32 attempt=1 pageId=15_huwai index=14
[2026-08-16 13:58:34.222] [INFO ] [pid=5100] [backend-ops] addSlideAt start pageId=15_huwai index=14
[2026-08-16 13:58:34.223] [INFO ] [pid=5100] [render] start pageId=15_huwai file=D:\dev\GitHub\project\pro_pptwrite\商业计划书汇报\slides\15_huwai.slide
[2026-08-16 13:58:34.343] [INFO ] [pid=5100] [render] ok pageId=15_huwai slides=1 ms=120
[2026-08-16 13:58:34.344] [INFO ] [pid=5100] [render] renderSlideData result.resources={
  images: {
    'rel:00u5ko1k': {
      id: 'rel:00u5ko1k',
      src: 'D:\\dev\\GitHub\\project\\pro_pptwrite\\商业计划书汇报\\.cache\\media\\images\\5fd19eeb39ff2f574dc925b2f3bd55bc.png'
    },
    'rel:00lybjgo': {
      id: 'rel:00lybjgo',
      src: 'D:\\dev\\GitHub\\project\\pro_pptwrite\\商业计划书汇报\\.cache\\media\\images\\42a8fbf9ddc21efb50846f720d1eeca7.svg'
    },
    'rel:00mmf3am': {
      id: 'rel:00mmf3am',
      src: 'D:\\dev\\GitHub\\project\\pro_pptwrite\\商业计划书汇报\\.cache\\media\\images\\b97b44cb534c2b716f2e84027245bb7d.png'
    },
    'rel:00nskpw3': {
      id: 'rel:00nskpw3',
      src: 'D:\\dev\\GitHub\\project\\pro_pptwrite\\商业计划书汇报\\.cache\\media\\images\\e660e5f22db998e0d177e420082430f7.svg'
    },
    'rel:004ldj4v': {
      id: 'rel:004ldj4v',
      src: 'D:\\dev\\GitHub\\project\\pro_pptwrite\\商业计划书汇报\\.cache\\media\\images\\5aec2c3e0fb129093350159277cc9046.png'
    },
    'rel:01tna6mq': {
      id: 'rel:01tna6mq',
      src: 'D:\\dev\\GitHub\\project\\pro_pptwrite\\商业计划书汇报\\.cache\\media\\images\\d37d31514ba9afb5d17395fa63dab15c.svg'
    }
  },
  videos: {},
  audios: {},
  fonts: {}
}
[2026-08-16 13:58:34.361] [INFO ] [pid=5100] [commit] commit send pageId=337734 targetIndex=14 version=78 baseVersion=128 revisionBytes=6103892
[2026-08-16 13:58:34.457] [INFO ] [pid=5100] [commit] commit ok pageId=337734 revisionId=cab56930 ms=95
[2026-08-16 13:58:34.457] [INFO ] [pid=5100] [backend-ops] addSlideAt ok pageId=15_huwai slideId=337734 index=14 version=78 baseVersion=128 revisionId=cab56930 code=0 images=[local=6 remote=0 cached=0 failed=0] ms=235
[2026-08-16 13:58:34.458] [INFO ] [pid=5100] [sync] aligned round=32 attempt=1 size=27 desired=27 pendingDirtySize=0
[2026-08-16 13:58:34.458] [INFO ] [pid=5100] [sync] reconcile ok round=32 attempt=1 ms=430
[2026-08-16 13:58:34.458] [INFO ] [pid=5100] [backend-ops] save start file=D:\dev\GitHub\project\pro_pptwrite\商业计划书汇报\商业计划书.pptx
[2026-08-16 13:58:34.458] [INFO ] [pid=5100] [commit] save send filePath=D:\dev\GitHub\project\pro_pptwrite\商业计划书汇报\商业计划书.pptx
[2026-08-16 13:58:34.579] [INFO ] [pid=5100] [commit] save ok file_path=D:\dev\GitHub\project\pro_pptwrite\商业计划书汇报\商业计划书.pptx ms=121
[2026-08-16 13:58:34.580] [INFO ] [pid=5100] [backend-ops] save ok file_path=D:\dev\GitHub\project\pro_pptwrite\商业计划书汇报\商业计划书.pptx ms=122
[2026-08-16 13:58:34.580] [INFO ] [pid=5100] [sync] drain end round=32 reconciles=1 mergedSubmits=1 pendingDirtySize=0 ms=553
=== boot pid=4188 ts=2026-08-16 13:58:44.685 cwd=D:\dev\GitHub\project\pro_pptwrite\商业计划书汇报 argv=C:\Users\Administrator\.workbuddy\binaries\node\versions\22.22.2\node_modules\@tencent\slidep\dist\slidep-validate.js --all --project D:/dev/GitHub/project/pro_pptwrite/商业计划书汇报 ===
[2026-08-16 13:58:44.683] [INFO ] [pid=4188] [validate] --all mode: found 27 files in D:\dev\GitHub\project\pro_pptwrite\商业计划书汇报\slides
[2026-08-16 13:58:44.685] [INFO ] [pid=4188] [validate] batch start files=27 checkOverflow=true
[2026-08-16 13:58:47.938] [INFO ] [pid=4188] [validate] batch done total=27 passed=27 failed=0 ms=3255
[2026-08-16 14:00:34.612] [INFO ] [pid=5100] [watcher] event=change file=slides\20_chain.slide
[2026-08-16 14:00:34.613] [INFO ] [pid=5100] [watcher] event=change file=slides\18_capital.slide
[2026-08-16 14:00:35.126] [INFO ] [pid=5100] [watcher] flush batch dirty=[20_chain,18_capital] size=2
[2026-08-16 14:00:35.126] [INFO ] [pid=5100] [sync] submit nextRound=33 dirty=20_chain,18_capital pendingDirtySize=2 merged=no
[2026-08-16 14:00:35.127] [INFO ] [pid=5100] [sync] drain start round=33 pendingDirtySize=2
[2026-08-16 14:00:35.127] [INFO ] [pid=5100] [sync] step=remove-dirty round=33 attempt=1 pageId=18_capital index=17
[2026-08-16 14:00:35.127] [INFO ] [pid=5100] [backend-ops] removeSlideAt start index=17
[2026-08-16 14:00:35.130] [INFO ] [pid=5100] [mcp] mcp:slide_remove_slide send url=http://127.0.0.1:39099/mcp args={"file_id":"sid_msvco6q7_3nnclyjp","page_index":17}
[2026-08-16 14:00:35.133] [INFO ] [pid=5100] [mcp] mcp:slide_remove_slide ok ms=3
[2026-08-16 14:00:35.133] [INFO ] [pid=5100] [backend-ops] removeSlideAt ok index=17 serverVersion=130 ms=6
[2026-08-16 14:00:35.133] [INFO ] [pid=5100] [sync] step=remove-dirty round=33 attempt=1 pageId=20_chain index=18
[2026-08-16 14:00:35.134] [INFO ] [pid=5100] [backend-ops] removeSlideAt start index=18
[2026-08-16 14:00:35.136] [INFO ] [pid=5100] [mcp] mcp:slide_remove_slide send url=http://127.0.0.1:39099/mcp args={"file_id":"sid_msvco6q7_3nnclyjp","page_index":18}
[2026-08-16 14:00:35.138] [INFO ] [pid=5100] [mcp] mcp:slide_remove_slide ok ms=2
[2026-08-16 14:00:35.138] [INFO ] [pid=5100] [backend-ops] removeSlideAt ok index=18 serverVersion=131 ms=4
[2026-08-16 14:00:35.138] [INFO ] [pid=5100] [sync] step=add round=33 attempt=1 pageId=18_capital index=17
[2026-08-16 14:00:35.138] [INFO ] [pid=5100] [backend-ops] addSlideAt start pageId=18_capital index=17
[2026-08-16 14:00:35.139] [INFO ] [pid=5100] [render] start pageId=18_capital file=D:\dev\GitHub\project\pro_pptwrite\商业计划书汇报\slides\18_capital.slide
[2026-08-16 14:00:35.219] [INFO ] [pid=5100] [render] ok pageId=18_capital slides=1 ms=80
[2026-08-16 14:00:35.219] [INFO ] [pid=5100] [render] renderSlideData result.resources={
  images: {
    'rel:01f6udyd': {
      id: 'rel:01f6udyd',
      src: 'D:\\dev\\GitHub\\project\\pro_pptwrite\\商业计划书汇报\\.cache\\media\\images\\755274eca90da8fe8a13606e2c370af2.svg'
    }
  },
  videos: {},
  audios: {},
  fonts: {}
}
[2026-08-16 14:00:35.225] [INFO ] [pid=5100] [commit] commit send pageId=717cb2 targetIndex=17 version=79 baseVersion=131 revisionBytes=27288
[2026-08-16 14:00:35.231] [INFO ] [pid=5100] [commit] commit ok pageId=717cb2 revisionId=25283a5c ms=6
[2026-08-16 14:00:35.232] [INFO ] [pid=5100] [backend-ops] addSlideAt ok pageId=18_capital slideId=717cb2 index=17 version=79 baseVersion=131 revisionId=25283a5c code=0 images=[local=1 remote=0 cached=0 failed=0] ms=94
[2026-08-16 14:00:35.232] [INFO ] [pid=5100] [sync] step=add round=33 attempt=1 pageId=20_chain index=19
[2026-08-16 14:00:35.232] [INFO ] [pid=5100] [backend-ops] addSlideAt start pageId=20_chain index=19
[2026-08-16 14:00:35.233] [INFO ] [pid=5100] [render] start pageId=20_chain file=D:\dev\GitHub\project\pro_pptwrite\商业计划书汇报\slides\20_chain.slide
[2026-08-16 14:00:35.326] [INFO ] [pid=5100] [render] ok pageId=20_chain slides=1 ms=94
[2026-08-16 14:00:35.326] [INFO ] [pid=5100] [render] renderSlideData result.resources={
  images: {
    'rel:01f6udyd': {
      id: 'rel:01f6udyd',
      src: 'D:\\dev\\GitHub\\project\\pro_pptwrite\\商业计划书汇报\\.cache\\media\\images\\755274eca90da8fe8a13606e2c370af2.svg'
    },
    'rel:00mdqw7o': {
      id: 'rel:00mdqw7o',
      src: 'D:\\dev\\GitHub\\project\\pro_pptwrite\\商业计划书汇报\\.cache\\media\\images\\e074e3b63291232578127f45cea4b43b.svg'
    }
  },
  videos: {},
  audios: {},
  fonts: {}
}
[2026-08-16 14:00:35.333] [INFO ] [pid=5100] [commit] commit send pageId=67fee9 targetIndex=19 version=80 baseVersion=132 revisionBytes=38420
[2026-08-16 14:00:35.340] [INFO ] [pid=5100] [commit] commit ok pageId=67fee9 revisionId=50511865 ms=7
[2026-08-16 14:00:35.342] [INFO ] [pid=5100] [backend-ops] addSlideAt ok pageId=20_chain slideId=67fee9 index=19 version=80 baseVersion=132 revisionId=50511865 code=0 images=[local=2 remote=0 cached=0 failed=0] ms=110
[2026-08-16 14:00:35.342] [INFO ] [pid=5100] [sync] aligned round=33 attempt=1 size=27 desired=27 pendingDirtySize=0
[2026-08-16 14:00:35.343] [INFO ] [pid=5100] [sync] reconcile ok round=33 attempt=1 ms=216
[2026-08-16 14:00:35.343] [INFO ] [pid=5100] [backend-ops] save start file=D:\dev\GitHub\project\pro_pptwrite\商业计划书汇报\商业计划书.pptx
[2026-08-16 14:00:35.343] [INFO ] [pid=5100] [commit] save send filePath=D:\dev\GitHub\project\pro_pptwrite\商业计划书汇报\商业计划书.pptx
[2026-08-16 14:00:35.462] [INFO ] [pid=5100] [commit] save ok file_path=D:\dev\GitHub\project\pro_pptwrite\商业计划书汇报\商业计划书.pptx ms=119
[2026-08-16 14:00:35.462] [INFO ] [pid=5100] [backend-ops] save ok file_path=D:\dev\GitHub\project\pro_pptwrite\商业计划书汇报\商业计划书.pptx ms=119
[2026-08-16 14:00:35.462] [INFO ] [pid=5100] [sync] drain end round=33 reconciles=1 mergedSubmits=1 pendingDirtySize=0 ms=335
=== boot pid=15400 ts=2026-08-16 14:00:43.331 cwd=D:\dev\GitHub\project\pro_pptwrite\商业计划书汇报 argv=C:\Users\Administrator\.workbuddy\binaries\node\versions\22.22.2\node_modules\@tencent\slidep\dist\slidep-validate.js --all --project D:/dev/GitHub/project/pro_pptwrite/商业计划书汇报 ===
[2026-08-16 14:00:43.329] [INFO ] [pid=15400] [validate] --all mode: found 27 files in D:\dev\GitHub\project\pro_pptwrite\商业计划书汇报\slides
[2026-08-16 14:00:43.331] [INFO ] [pid=15400] [validate] batch start files=27 checkOverflow=true
[2026-08-16 14:00:46.673] [INFO ] [pid=15400] [validate] batch done total=27 passed=27 failed=0 ms=3344
[2026-08-16 14:08:00.052] [INFO ] [pid=5100] [watcher] event=change file=slides\02_catalog.slide
[2026-08-16 14:08:00.052] [INFO ] [pid=5100] [watcher] event=change file=slides\04_summary_core.slide
[2026-08-16 14:08:00.053] [INFO ] [pid=5100] [watcher] event=change file=slides\05_summary_value.slide
[2026-08-16 14:08:00.068] [INFO ] [pid=5100] [watcher] event=change file=slides\10_advantage.slide
[2026-08-16 14:08:00.068] [INFO ] [pid=5100] [watcher] event=change file=slides\09_market.slide
[2026-08-16 14:08:00.068] [INFO ] [pid=5100] [watcher] event=change file=slides\07_origin.slide
[2026-08-16 14:08:00.068] [INFO ] [pid=5100] [watcher] event=change file=slides\12_company.slide
[2026-08-16 14:08:00.069] [INFO ] [pid=5100] [watcher] event=change file=slides\13_asset.slide
[2026-08-16 14:08:00.069] [INFO ] [pid=5100] [watcher] event=change file=slides\15_huwai.slide
[2026-08-16 14:08:00.069] [INFO ] [pid=5100] [watcher] event=change file=slides\17_equity.slide
[2026-08-16 14:08:00.069] [INFO ] [pid=5100] [watcher] event=change file=slides\22_plan.slide
[2026-08-16 14:08:00.069] [INFO ] [pid=5100] [watcher] event=change file=slides\20_chain.slide
[2026-08-16 14:08:00.069] [INFO ] [pid=5100] [watcher] event=change file=slides\26_compliance.slide
[2026-08-16 14:08:00.070] [INFO ] [pid=5100] [watcher] event=change file=slides\24_synergy.slide
[2026-08-16 14:08:00.070] [INFO ] [pid=5100] [watcher] event=change file=slides\18_capital.slide
[2026-08-16 14:08:00.580] [INFO ] [pid=5100] [watcher] flush batch dirty=[02_catalog,04_summary_core,05_summary_value,10_advantage,09_market,07_origin,12_company,13_asset,15_huwai,17_equity,22_plan,20_chain,26_compliance,24_synergy,18_capital] size=15
[2026-08-16 14:08:00.580] [INFO ] [pid=5100] [sync] submit nextRound=34 dirty=02_catalog,04_summary_core,05_summary_value,10_advantage,09_market,07_origin,12_company,13_asset,15_huwai,17_equity,22_plan,20_chain,26_compliance,24_synergy,18_capital pendingDirtySize=15 merged=no
[2026-08-16 14:08:00.580] [INFO ] [pid=5100] [sync] drain start round=34 pendingDirtySize=15
[2026-08-16 14:08:00.581] [INFO ] [pid=5100] [sync] step=remove-dirty round=34 attempt=1 pageId=02_catalog index=1
[2026-08-16 14:08:00.581] [INFO ] [pid=5100] [backend-ops] removeSlideAt start index=1
[2026-08-16 14:08:00.584] [INFO ] [pid=5100] [mcp] mcp:slide_remove_slide send url=http://127.0.0.1:39099/mcp args={"file_id":"sid_msved7qe_twiusct9","page_index":1}
[2026-08-16 14:08:00.586] [INFO ] [pid=5100] [mcp] mcp:slide_remove_slide ok ms=2
[2026-08-16 14:08:00.587] [INFO ] [pid=5100] [backend-ops] removeSlideAt ok index=1 serverVersion=134 ms=6
[2026-08-16 14:08:00.587] [INFO ] [pid=5100] [sync] step=remove-dirty round=34 attempt=1 pageId=04_summary_core index=2
[2026-08-16 14:08:00.587] [INFO ] [pid=5100] [backend-ops] removeSlideAt start index=2
[2026-08-16 14:08:00.590] [INFO ] [pid=5100] [mcp] mcp:slide_remove_slide send url=http://127.0.0.1:39099/mcp args={"file_id":"sid_msved7qe_twiusct9","page_index":2}
[2026-08-16 14:08:00.593] [INFO ] [pid=5100] [mcp] mcp:slide_remove_slide ok ms=2
[2026-08-16 14:08:00.593] [INFO ] [pid=5100] [backend-ops] removeSlideAt ok index=2 serverVersion=135 ms=6
[2026-08-16 14:08:00.593] [INFO ] [pid=5100] [sync] step=remove-dirty round=34 attempt=1 pageId=05_summary_value index=2
[2026-08-16 14:08:00.593] [INFO ] [pid=5100] [backend-ops] removeSlideAt start index=2
[2026-08-16 14:08:00.595] [INFO ] [pid=5100] [mcp] mcp:slide_remove_slide send url=http://127.0.0.1:39099/mcp args={"file_id":"sid_msved7qe_twiusct9","page_index":2}
[2026-08-16 14:08:00.598] [INFO ] [pid=5100] [mcp] mcp:slide_remove_slide ok ms=3
[2026-08-16 14:08:00.598] [INFO ] [pid=5100] [backend-ops] removeSlideAt ok index=2 serverVersion=136 ms=5
[2026-08-16 14:08:00.599] [INFO ] [pid=5100] [sync] step=remove-dirty round=34 attempt=1 pageId=07_origin index=3
[2026-08-16 14:08:00.599] [INFO ] [pid=5100] [backend-ops] removeSlideAt start index=3
[2026-08-16 14:08:00.601] [INFO ] [pid=5100] [mcp] mcp:slide_remove_slide send url=http://127.0.0.1:39099/mcp args={"file_id":"sid_msved7qe_twiusct9","page_index":3}
[2026-08-16 14:08:00.604] [INFO ] [pid=5100] [mcp] mcp:slide_remove_slide ok ms=3
[2026-08-16 14:08:00.604] [INFO ] [pid=5100] [backend-ops] removeSlideAt ok index=3 serverVersion=137 ms=5
[2026-08-16 14:08:00.605] [INFO ] [pid=5100] [sync] step=remove-dirty round=34 attempt=1 pageId=09_market index=4
[2026-08-16 14:08:00.605] [INFO ] [pid=5100] [backend-ops] removeSlideAt start index=4
[2026-08-16 14:08:00.607] [INFO ] [pid=5100] [mcp] mcp:slide_remove_slide send url=http://127.0.0.1:39099/mcp args={"file_id":"sid_msved7qe_twiusct9","page_index":4}
[2026-08-16 14:08:00.609] [INFO ] [pid=5100] [mcp] mcp:slide_remove_slide ok ms=2
[2026-08-16 14:08:00.609] [INFO ] [pid=5100] [backend-ops] removeSlideAt ok index=4 serverVersion=138 ms=4
[2026-08-16 14:08:00.610] [INFO ] [pid=5100] [sync] step=remove-dirty round=34 attempt=1 pageId=10_advantage index=4
[2026-08-16 14:08:00.610] [INFO ] [pid=5100] [backend-ops] removeSlideAt start index=4
[2026-08-16 14:08:00.612] [INFO ] [pid=5100] [mcp] mcp:slide_remove_slide send url=http://127.0.0.1:39099/mcp args={"file_id":"sid_msved7qe_twiusct9","page_index":4}
[2026-08-16 14:08:00.615] [INFO ] [pid=5100] [mcp] mcp:slide_remove_slide ok ms=3
[2026-08-16 14:08:00.615] [INFO ] [pid=5100] [backend-ops] removeSlideAt ok index=4 serverVersion=139 ms=5
[2026-08-16 14:08:00.615] [INFO ] [pid=5100] [sync] step=remove-dirty round=34 attempt=1 pageId=12_company index=5
[2026-08-16 14:08:00.616] [INFO ] [pid=5100] [backend-ops] removeSlideAt start index=5
[2026-08-16 14:08:00.618] [INFO ] [pid=5100] [mcp] mcp:slide_remove_slide send url=http://127.0.0.1:39099/mcp args={"file_id":"sid_msved7qe_twiusct9","page_index":5}
[2026-08-16 14:08:00.621] [INFO ] [pid=5100] [mcp] mcp:slide_remove_slide ok ms=2
[2026-08-16 14:08:00.622] [INFO ] [pid=5100] [backend-ops] removeSlideAt ok index=5 serverVersion=140 ms=6
[2026-08-16 14:08:00.622] [INFO ] [pid=5100] [sync] step=remove-dirty round=34 attempt=1 pageId=13_asset index=5
[2026-08-16 14:08:00.622] [INFO ] [pid=5100] [backend-ops] removeSlideAt start index=5
[2026-08-16 14:08:00.624] [INFO ] [pid=5100] [mcp] mcp:slide_remove_slide send url=http://127.0.0.1:39099/mcp args={"file_id":"sid_msved7qe_twiusct9","page_index":5}
[2026-08-16 14:08:00.627] [INFO ] [pid=5100] [mcp] mcp:slide_remove_slide ok ms=2
[2026-08-16 14:08:00.627] [INFO ] [pid=5100] [backend-ops] removeSlideAt ok index=5 serverVersion=141 ms=5
[2026-08-16 14:08:00.628] [INFO ] [pid=5100] [sync] step=remove-dirty round=34 attempt=1 pageId=15_huwai index=6
[2026-08-16 14:08:00.628] [INFO ] [pid=5100] [backend-ops] removeSlideAt start index=6
[2026-08-16 14:08:00.630] [INFO ] [pid=5100] [mcp] mcp:slide_remove_slide send url=http://127.0.0.1:39099/mcp args={"file_id":"sid_msved7qe_twiusct9","page_index":6}
[2026-08-16 14:08:00.633] [INFO ] [pid=5100] [mcp] mcp:slide_remove_slide ok ms=2
[2026-08-16 14:08:00.634] [INFO ] [pid=5100] [backend-ops] removeSlideAt ok index=6 serverVersion=142 ms=6
[2026-08-16 14:08:00.634] [INFO ] [pid=5100] [sync] step=remove-dirty round=34 attempt=1 pageId=17_equity index=7
[2026-08-16 14:08:00.634] [INFO ] [pid=5100] [backend-ops] removeSlideAt start index=7
[2026-08-16 14:08:00.637] [INFO ] [pid=5100] [mcp] mcp:slide_remove_slide send url=http://127.0.0.1:39099/mcp args={"file_id":"sid_msved7qe_twiusct9","page_index":7}
[2026-08-16 14:08:00.640] [INFO ] [pid=5100] [mcp] mcp:slide_remove_slide ok ms=2
[2026-08-16 14:08:00.640] [INFO ] [pid=5100] [backend-ops] removeSlideAt ok index=7 serverVersion=143 ms=6
[2026-08-16 14:08:00.640] [INFO ] [pid=5100] [sync] step=remove-dirty round=34 attempt=1 pageId=18_capital index=7
[2026-08-16 14:08:00.640] [INFO ] [pid=5100] [backend-ops] removeSlideAt start index=7
[2026-08-16 14:08:00.643] [INFO ] [pid=5100] [mcp] mcp:slide_remove_slide send url=http://127.0.0.1:39099/mcp args={"file_id":"sid_msved7qe_twiusct9","page_index":7}
[2026-08-16 14:08:00.646] [INFO ] [pid=5100] [mcp] mcp:slide_remove_slide ok ms=3
[2026-08-16 14:08:00.647] [INFO ] [pid=5100] [backend-ops] removeSlideAt ok index=7 serverVersion=144 ms=7
[2026-08-16 14:08:00.647] [INFO ] [pid=5100] [sync] step=remove-dirty round=34 attempt=1 pageId=20_chain index=8
[2026-08-16 14:08:00.648] [INFO ] [pid=5100] [backend-ops] removeSlideAt start index=8
[2026-08-16 14:08:00.650] [INFO ] [pid=5100] [mcp] mcp:slide_remove_slide send url=http://127.0.0.1:39099/mcp args={"file_id":"sid_msved7qe_twiusct9","page_index":8}
[2026-08-16 14:08:00.653] [INFO ] [pid=5100] [mcp] mcp:slide_remove_slide ok ms=3
[2026-08-16 14:08:00.654] [INFO ] [pid=5100] [backend-ops] removeSlideAt ok index=8 serverVersion=145 ms=6
[2026-08-16 14:08:00.654] [INFO ] [pid=5100] [sync] step=remove-dirty round=34 attempt=1 pageId=22_plan index=9
[2026-08-16 14:08:00.654] [INFO ] [pid=5100] [backend-ops] removeSlideAt start index=9
[2026-08-16 14:08:00.657] [INFO ] [pid=5100] [mcp] mcp:slide_remove_slide send url=http://127.0.0.1:39099/mcp args={"file_id":"sid_msved7qe_twiusct9","page_index":9}
[2026-08-16 14:08:00.660] [INFO ] [pid=5100] [mcp] mcp:slide_remove_slide ok ms=3
[2026-08-16 14:08:00.661] [INFO ] [pid=5100] [backend-ops] removeSlideAt ok index=9 serverVersion=146 ms=7
[2026-08-16 14:08:00.661] [INFO ] [pid=5100] [sync] step=remove-dirty round=34 attempt=1 pageId=24_synergy index=10
[2026-08-16 14:08:00.661] [INFO ] [pid=5100] [backend-ops] removeSlideAt start index=10
[2026-08-16 14:08:00.663] [INFO ] [pid=5100] [mcp] mcp:slide_remove_slide send url=http://127.0.0.1:39099/mcp args={"file_id":"sid_msved7qe_twiusct9","page_index":10}
[2026-08-16 14:08:00.666] [INFO ] [pid=5100] [mcp] mcp:slide_remove_slide ok ms=2
[2026-08-16 14:08:00.667] [INFO ] [pid=5100] [backend-ops] removeSlideAt ok index=10 serverVersion=147 ms=6
[2026-08-16 14:08:00.667] [INFO ] [pid=5100] [sync] step=remove-dirty round=34 attempt=1 pageId=26_compliance index=11
[2026-08-16 14:08:00.667] [INFO ] [pid=5100] [backend-ops] removeSlideAt start index=11
[2026-08-16 14:08:00.670] [INFO ] [pid=5100] [mcp] mcp:slide_remove_slide send url=http://127.0.0.1:39099/mcp args={"file_id":"sid_msved7qe_twiusct9","page_index":11}
[2026-08-16 14:08:00.673] [INFO ] [pid=5100] [mcp] mcp:slide_remove_slide ok ms=3
[2026-08-16 14:08:00.674] [INFO ] [pid=5100] [backend-ops] removeSlideAt ok index=11 serverVersion=148 ms=7
[2026-08-16 14:08:00.674] [INFO ] [pid=5100] [sync] step=add round=34 attempt=1 pageId=02_catalog index=1
[2026-08-16 14:08:00.674] [INFO ] [pid=5100] [backend-ops] addSlideAt start pageId=02_catalog index=1
[2026-08-16 14:08:00.674] [INFO ] [pid=5100] [render] start pageId=02_catalog file=D:\dev\GitHub\project\pro_pptwrite\商业计划书汇报\slides\02_catalog.slide
[2026-08-16 14:08:00.769] [INFO ] [pid=5100] [render] ok pageId=02_catalog slides=1 ms=95
[2026-08-16 14:08:00.769] [INFO ] [pid=5100] [render] renderSlideData result.resources={ images: {}, videos: {}, audios: {}, fonts: {} }
[2026-08-16 14:08:00.773] [INFO ] [pid=5100] [commit] commit send pageId=116009 targetIndex=1 version=81 baseVersion=148 revisionBytes=40684
[2026-08-16 14:08:00.781] [INFO ] [pid=5100] [commit] commit ok pageId=116009 revisionId=7e7134bd ms=7
[2026-08-16 14:08:00.782] [INFO ] [pid=5100] [backend-ops] addSlideAt ok pageId=02_catalog slideId=116009 index=1 version=81 baseVersion=148 revisionId=7e7134bd code=0 images=[local=0 remote=0 cached=0 failed=0] ms=108
[2026-08-16 14:08:00.783] [INFO ] [pid=5100] [sync] step=add round=34 attempt=1 pageId=04_summary_core index=3
[2026-08-16 14:08:00.783] [INFO ] [pid=5100] [backend-ops] addSlideAt start pageId=04_summary_core index=3
[2026-08-16 14:08:00.783] [INFO ] [pid=5100] [render] start pageId=04_summary_core file=D:\dev\GitHub\project\pro_pptwrite\商业计划书汇报\slides\04_summary_core.slide
[2026-08-16 14:08:00.896] [INFO ] [pid=5100] [render] ok pageId=04_summary_core slides=1 ms=113
[2026-08-16 14:08:00.896] [INFO ] [pid=5100] [render] renderSlideData result.resources={
  images: {
    'rel:01u1r4bw': {
      id: 'rel:01u1r4bw',
      src: 'D:\\dev\\GitHub\\project\\pro_pptwrite\\商业计划书汇报\\.cache\\media\\images\\87707d7d73581762745c7ccc341898f5.png'
    },
    'rel:00u5ko1k': {
      id: 'rel:00u5ko1k',
      src: 'D:\\dev\\GitHub\\project\\pro_pptwrite\\商业计划书汇报\\.cache\\media\\images\\5fd19eeb39ff2f574dc925b2f3bd55bc.png'
    },
    'rel:00dda6sv': {
      id: 'rel:00dda6sv',
      src: 'D:\\dev\\GitHub\\project\\pro_pptwrite\\商业计划书汇报\\.cache\\media\\images\\12d96e5e3303e6ee1badd85f731f2a01.png'
    },
    'rel:004ldj4v': {
      id: 'rel:004ldj4v',
      src: 'D:\\dev\\GitHub\\project\\pro_pptwrite\\商业计划书汇报\\.cache\\media\\images\\5aec2c3e0fb129093350159277cc9046.png'
    }
  },
  videos: {},
  audios: {},
  fonts: {}
}
[2026-08-16 14:08:00.925] [INFO ] [pid=5100] [commit] commit send pageId=5e3a91 targetIndex=3 version=82 baseVersion=149 revisionBytes=10469912
[2026-08-16 14:08:01.096] [INFO ] [pid=5100] [commit] commit ok pageId=5e3a91 revisionId=1ccb49d0 ms=171
[2026-08-16 14:08:01.097] [INFO ] [pid=5100] [backend-ops] addSlideAt ok pageId=04_summary_core slideId=5e3a91 index=3 version=82 baseVersion=149 revisionId=1ccb49d0 code=0 images=[local=4 remote=0 cached=0 failed=0] ms=314
[2026-08-16 14:08:01.097] [INFO ] [pid=5100] [sync] step=add round=34 attempt=1 pageId=05_summary_value index=4
[2026-08-16 14:08:01.098] [INFO ] [pid=5100] [backend-ops] addSlideAt start pageId=05_summary_value index=4
[2026-08-16 14:08:01.098] [INFO ] [pid=5100] [render] start pageId=05_summary_value file=D:\dev\GitHub\project\pro_pptwrite\商业计划书汇报\slides\05_summary_value.slide
[2026-08-16 14:08:01.178] [INFO ] [pid=5100] [render] ok pageId=05_summary_value slides=1 ms=80
[2026-08-16 14:08:01.179] [INFO ] [pid=5100] [render] renderSlideData result.resources={ images: {}, videos: {}, audios: {}, fonts: {} }
[2026-08-16 14:08:01.186] [INFO ] [pid=5100] [commit] commit send pageId=7b150a targetIndex=4 version=83 baseVersion=150 revisionBytes=52952
[2026-08-16 14:08:01.195] [INFO ] [pid=5100] [commit] commit ok pageId=7b150a revisionId=f3d3e7b0 ms=8
[2026-08-16 14:08:01.196] [INFO ] [pid=5100] [backend-ops] addSlideAt ok pageId=05_summary_value slideId=7b150a index=4 version=83 baseVersion=150 revisionId=f3d3e7b0 code=0 images=[local=0 remote=0 cached=0 failed=0] ms=98
[2026-08-16 14:08:01.197] [INFO ] [pid=5100] [sync] step=add round=34 attempt=1 pageId=07_origin index=6
[2026-08-16 14:08:01.197] [INFO ] [pid=5100] [backend-ops] addSlideAt start pageId=07_origin index=6
[2026-08-16 14:08:01.197] [INFO ] [pid=5100] [render] start pageId=07_origin file=D:\dev\GitHub\project\pro_pptwrite\商业计划书汇报\slides\07_origin.slide
[2026-08-16 14:08:01.249] [INFO ] [pid=5100] [render] ok pageId=07_origin slides=1 ms=52
[2026-08-16 14:08:01.249] [INFO ] [pid=5100] [render] renderSlideData result.resources={ images: {}, videos: {}, audios: {}, fonts: {} }
[2026-08-16 14:08:01.252] [INFO ] [pid=5100] [commit] commit send pageId=6ddb37 targetIndex=6 version=84 baseVersion=151 revisionBytes=24916
[2026-08-16 14:08:01.258] [INFO ] [pid=5100] [commit] commit ok pageId=6ddb37 revisionId=d17ea281 ms=5
[2026-08-16 14:08:01.259] [INFO ] [pid=5100] [backend-ops] addSlideAt ok pageId=07_origin slideId=6ddb37 index=6 version=84 baseVersion=151 revisionId=d17ea281 code=0 images=[local=0 remote=0 cached=0 failed=0] ms=62
[2026-08-16 14:08:01.260] [INFO ] [pid=5100] [sync] step=add round=34 attempt=1 pageId=09_market index=8
[2026-08-16 14:08:01.260] [INFO ] [pid=5100] [backend-ops] addSlideAt start pageId=09_market index=8
[2026-08-16 14:08:01.260] [INFO ] [pid=5100] [render] start pageId=09_market file=D:\dev\GitHub\project\pro_pptwrite\商业计划书汇报\slides\09_market.slide
[2026-08-16 14:08:01.291] [INFO ] [pid=5100] [render] ok pageId=09_market slides=1 ms=31
[2026-08-16 14:08:01.291] [INFO ] [pid=5100] [render] renderSlideData result.resources={ images: {}, videos: {}, audios: {}, fonts: {} }
[2026-08-16 14:08:01.295] [INFO ] [pid=5100] [commit] commit send pageId=b4db2e targetIndex=8 version=85 baseVersion=152 revisionBytes=18616
[2026-08-16 14:08:01.301] [INFO ] [pid=5100] [commit] commit ok pageId=b4db2e revisionId=fd22b138 ms=6
[2026-08-16 14:08:01.302] [INFO ] [pid=5100] [backend-ops] addSlideAt ok pageId=09_market slideId=b4db2e index=8 version=85 baseVersion=152 revisionId=fd22b138 code=0 images=[local=0 remote=0 cached=0 failed=0] ms=42
[2026-08-16 14:08:01.303] [INFO ] [pid=5100] [sync] step=add round=34 attempt=1 pageId=10_advantage index=9
[2026-08-16 14:08:01.303] [INFO ] [pid=5100] [backend-ops] addSlideAt start pageId=10_advantage index=9
[2026-08-16 14:08:01.303] [INFO ] [pid=5100] [render] start pageId=10_advantage file=D:\dev\GitHub\project\pro_pptwrite\商业计划书汇报\slides\10_advantage.slide
[2026-08-16 14:08:01.355] [INFO ] [pid=5100] [render] ok pageId=10_advantage slides=1 ms=52
[2026-08-16 14:08:01.355] [INFO ] [pid=5100] [render] renderSlideData result.resources={
  images: {
    'rel:00bszdp3': {
      id: 'rel:00bszdp3',
      src: 'D:\\dev\\GitHub\\project\\pro_pptwrite\\商业计划书汇报\\.cache\\media\\images\\8268ce7d54681faf3f7e802699ed99f4.svg'
    },
    'rel:00vxkut0': {
      id: 'rel:00vxkut0',
      src: 'D:\\dev\\GitHub\\project\\pro_pptwrite\\商业计划书汇报\\.cache\\media\\images\\a42d2da9f2ce364500f660d6d7fbe44f.svg'
    }
  },
  videos: {},
  audios: {},
  fonts: {}
}
[2026-08-16 14:08:01.360] [INFO ] [pid=5100] [commit] commit send pageId=06aafc targetIndex=9 version=86 baseVersion=153 revisionBytes=25360
[2026-08-16 14:08:01.366] [INFO ] [pid=5100] [commit] commit ok pageId=06aafc revisionId=39c5fc88 ms=6
[2026-08-16 14:08:01.367] [INFO ] [pid=5100] [backend-ops] addSlideAt ok pageId=10_advantage slideId=06aafc index=9 version=86 baseVersion=153 revisionId=39c5fc88 code=0 images=[local=2 remote=0 cached=0 failed=0] ms=64
[2026-08-16 14:08:01.367] [INFO ] [pid=5100] [sync] step=add round=34 attempt=1 pageId=12_company index=11
[2026-08-16 14:08:01.368] [INFO ] [pid=5100] [backend-ops] addSlideAt start pageId=12_company index=11
[2026-08-16 14:08:01.368] [INFO ] [pid=5100] [render] start pageId=12_company file=D:\dev\GitHub\project\pro_pptwrite\商业计划书汇报\slides\12_company.slide
[2026-08-16 14:08:01.431] [INFO ] [pid=5100] [render] ok pageId=12_company slides=1 ms=63
[2026-08-16 14:08:01.431] [INFO ] [pid=5100] [render] renderSlideData result.resources={ images: {}, videos: {}, audios: {}, fonts: {} }
[2026-08-16 14:08:01.435] [INFO ] [pid=5100] [commit] commit send pageId=6d3889 targetIndex=11 version=87 baseVersion=154 revisionBytes=34232
[2026-08-16 14:08:01.441] [INFO ] [pid=5100] [commit] commit ok pageId=6d3889 revisionId=5e3aa575 ms=6
[2026-08-16 14:08:01.442] [INFO ] [pid=5100] [backend-ops] addSlideAt ok pageId=12_company slideId=6d3889 index=11 version=87 baseVersion=154 revisionId=5e3aa575 code=0 images=[local=0 remote=0 cached=0 failed=0] ms=74
[2026-08-16 14:08:01.442] [INFO ] [pid=5100] [sync] step=add round=34 attempt=1 pageId=13_asset index=12
[2026-08-16 14:08:01.443] [INFO ] [pid=5100] [backend-ops] addSlideAt start pageId=13_asset index=12
[2026-08-16 14:08:01.443] [INFO ] [pid=5100] [render] start pageId=13_asset file=D:\dev\GitHub\project\pro_pptwrite\商业计划书汇报\slides\13_asset.slide
[2026-08-16 14:08:01.536] [INFO ] [pid=5100] [render] ok pageId=13_asset slides=1 ms=93
[2026-08-16 14:08:01.537] [INFO ] [pid=5100] [render] renderSlideData result.resources={
  images: {
    'rel:00903hb7': {
      id: 'rel:00903hb7',
      src: 'D:\\dev\\GitHub\\project\\pro_pptwrite\\商业计划书汇报\\.cache\\media\\images\\ce4f590f7717dbe2b0f773bb40268527.svg'
    }
  },
  videos: {},
  audios: {},
  fonts: {}
}
[2026-08-16 14:08:01.541] [INFO ] [pid=5100] [commit] commit send pageId=aba947 targetIndex=12 version=88 baseVersion=155 revisionBytes=25968
[2026-08-16 14:08:01.547] [INFO ] [pid=5100] [commit] commit ok pageId=aba947 revisionId=2282bbcb ms=6
[2026-08-16 14:08:01.548] [INFO ] [pid=5100] [backend-ops] addSlideAt ok pageId=13_asset slideId=aba947 index=12 version=88 baseVersion=155 revisionId=2282bbcb code=0 images=[local=1 remote=0 cached=0 failed=0] ms=105
[2026-08-16 14:08:01.549] [INFO ] [pid=5100] [sync] step=add round=34 attempt=1 pageId=15_huwai index=14
[2026-08-16 14:08:01.549] [INFO ] [pid=5100] [backend-ops] addSlideAt start pageId=15_huwai index=14
[2026-08-16 14:08:01.549] [INFO ] [pid=5100] [render] start pageId=15_huwai file=D:\dev\GitHub\project\pro_pptwrite\商业计划书汇报\slides\15_huwai.slide
[2026-08-16 14:08:01.631] [INFO ] [pid=5100] [render] ok pageId=15_huwai slides=1 ms=82
[2026-08-16 14:08:01.632] [INFO ] [pid=5100] [render] renderSlideData result.resources={
  images: {
    'rel:00u5ko1k': {
      id: 'rel:00u5ko1k',
      src: 'D:\\dev\\GitHub\\project\\pro_pptwrite\\商业计划书汇报\\.cache\\media\\images\\5fd19eeb39ff2f574dc925b2f3bd55bc.png'
    },
    'rel:00lybjgo': {
      id: 'rel:00lybjgo',
      src: 'D:\\dev\\GitHub\\project\\pro_pptwrite\\商业计划书汇报\\.cache\\media\\images\\42a8fbf9ddc21efb50846f720d1eeca7.svg'
    },
    'rel:00mmf3am': {
      id: 'rel:00mmf3am',
      src: 'D:\\dev\\GitHub\\project\\pro_pptwrite\\商业计划书汇报\\.cache\\media\\images\\b97b44cb534c2b716f2e84027245bb7d.png'
    },
    'rel:00nskpw3': {
      id: 'rel:00nskpw3',
      src: 'D:\\dev\\GitHub\\project\\pro_pptwrite\\商业计划书汇报\\.cache\\media\\images\\e660e5f22db998e0d177e420082430f7.svg'
    },
    'rel:004ldj4v': {
      id: 'rel:004ldj4v',
      src: 'D:\\dev\\GitHub\\project\\pro_pptwrite\\商业计划书汇报\\.cache\\media\\images\\5aec2c3e0fb129093350159277cc9046.png'
    },
    'rel:01tna6mq': {
      id: 'rel:01tna6mq',
      src: 'D:\\dev\\GitHub\\project\\pro_pptwrite\\商业计划书汇报\\.cache\\media\\images\\d37d31514ba9afb5d17395fa63dab15c.svg'
    }
  },
  videos: {},
  audios: {},
  fonts: {}
}
[2026-08-16 14:08:01.648] [INFO ] [pid=5100] [commit] commit send pageId=d33be2 targetIndex=14 version=89 baseVersion=156 revisionBytes=6104076
[2026-08-16 14:08:01.771] [INFO ] [pid=5100] [commit] commit ok pageId=d33be2 revisionId=9b04dcd8 ms=122
[2026-08-16 14:08:01.772] [INFO ] [pid=5100] [backend-ops] addSlideAt ok pageId=15_huwai slideId=d33be2 index=14 version=89 baseVersion=156 revisionId=9b04dcd8 code=0 images=[local=6 remote=0 cached=0 failed=0] ms=223
[2026-08-16 14:08:01.772] [INFO ] [pid=5100] [sync] step=add round=34 attempt=1 pageId=17_equity index=16
[2026-08-16 14:08:01.773] [INFO ] [pid=5100] [backend-ops] addSlideAt start pageId=17_equity index=16
[2026-08-16 14:08:01.773] [INFO ] [pid=5100] [render] start pageId=17_equity file=D:\dev\GitHub\project\pro_pptwrite\商业计划书汇报\slides\17_equity.slide
[2026-08-16 14:08:01.807] [INFO ] [pid=5100] [render] ok pageId=17_equity slides=1 ms=34
[2026-08-16 14:08:01.807] [INFO ] [pid=5100] [render] renderSlideData result.resources={ images: {}, videos: {}, audios: {}, fonts: {} }
[2026-08-16 14:08:01.811] [INFO ] [pid=5100] [commit] commit send pageId=6c8fe1 targetIndex=16 version=90 baseVersion=157 revisionBytes=15808
[2026-08-16 14:08:01.816] [INFO ] [pid=5100] [commit] commit ok pageId=6c8fe1 revisionId=31614077 ms=4
[2026-08-16 14:08:01.817] [INFO ] [pid=5100] [backend-ops] addSlideAt ok pageId=17_equity slideId=6c8fe1 index=16 version=90 baseVersion=157 revisionId=31614077 code=0 images=[local=0 remote=0 cached=0 failed=0] ms=44
[2026-08-16 14:08:01.817] [INFO ] [pid=5100] [sync] step=add round=34 attempt=1 pageId=18_capital index=17
[2026-08-16 14:08:01.817] [INFO ] [pid=5100] [backend-ops] addSlideAt start pageId=18_capital index=17
[2026-08-16 14:08:01.818] [INFO ] [pid=5100] [render] start pageId=18_capital file=D:\dev\GitHub\project\pro_pptwrite\商业计划书汇报\slides\18_capital.slide
[2026-08-16 14:08:01.872] [INFO ] [pid=5100] [render] ok pageId=18_capital slides=1 ms=54
[2026-08-16 14:08:01.872] [INFO ] [pid=5100] [render] renderSlideData result.resources={
  images: {
    'rel:01f6udyd': {
      id: 'rel:01f6udyd',
      src: 'D:\\dev\\GitHub\\project\\pro_pptwrite\\商业计划书汇报\\.cache\\media\\images\\755274eca90da8fe8a13606e2c370af2.svg'
    }
  },
  videos: {},
  audios: {},
  fonts: {}
}
[2026-08-16 14:08:01.876] [INFO ] [pid=5100] [commit] commit send pageId=90dd6d targetIndex=17 version=91 baseVersion=158 revisionBytes=27504
[2026-08-16 14:08:01.883] [INFO ] [pid=5100] [commit] commit ok pageId=90dd6d revisionId=a1b6baa2 ms=7
[2026-08-16 14:08:01.884] [INFO ] [pid=5100] [backend-ops] addSlideAt ok pageId=18_capital slideId=90dd6d index=17 version=91 baseVersion=158 revisionId=a1b6baa2 code=0 images=[local=1 remote=0 cached=0 failed=0] ms=67
[2026-08-16 14:08:01.884] [INFO ] [pid=5100] [sync] step=add round=34 attempt=1 pageId=20_chain index=19
[2026-08-16 14:08:01.885] [INFO ] [pid=5100] [backend-ops] addSlideAt start pageId=20_chain index=19
[2026-08-16 14:08:01.885] [INFO ] [pid=5100] [render] start pageId=20_chain file=D:\dev\GitHub\project\pro_pptwrite\商业计划书汇报\slides\20_chain.slide
[2026-08-16 14:08:01.959] [INFO ] [pid=5100] [render] ok pageId=20_chain slides=1 ms=74
[2026-08-16 14:08:01.960] [INFO ] [pid=5100] [render] renderSlideData result.resources={
  images: {
    'rel:01f6udyd': {
      id: 'rel:01f6udyd',
      src: 'D:\\dev\\GitHub\\project\\pro_pptwrite\\商业计划书汇报\\.cache\\media\\images\\755274eca90da8fe8a13606e2c370af2.svg'
    },
    'rel:00mdqw7o': {
      id: 'rel:00mdqw7o',
      src: 'D:\\dev\\GitHub\\project\\pro_pptwrite\\商业计划书汇报\\.cache\\media\\images\\e074e3b63291232578127f45cea4b43b.svg'
    }
  },
  videos: {},
  audios: {},
  fonts: {}
}
[2026-08-16 14:08:01.963] [INFO ] [pid=5100] [commit] commit send pageId=3f2247 targetIndex=19 version=92 baseVersion=159 revisionBytes=38648
[2026-08-16 14:08:01.971] [INFO ] [pid=5100] [commit] commit ok pageId=3f2247 revisionId=6911d083 ms=7
[2026-08-16 14:08:01.972] [INFO ] [pid=5100] [backend-ops] addSlideAt ok pageId=20_chain slideId=3f2247 index=19 version=92 baseVersion=159 revisionId=6911d083 code=0 images=[local=2 remote=0 cached=0 failed=0] ms=87
[2026-08-16 14:08:01.972] [INFO ] [pid=5100] [sync] step=add round=34 attempt=1 pageId=22_plan index=21
[2026-08-16 14:08:01.973] [INFO ] [pid=5100] [backend-ops] addSlideAt start pageId=22_plan index=21
[2026-08-16 14:08:01.973] [INFO ] [pid=5100] [render] start pageId=22_plan file=D:\dev\GitHub\project\pro_pptwrite\商业计划书汇报\slides\22_plan.slide
[2026-08-16 14:08:02.033] [INFO ] [pid=5100] [render] ok pageId=22_plan slides=1 ms=60
[2026-08-16 14:08:02.034] [INFO ] [pid=5100] [render] renderSlideData result.resources={ images: {}, videos: {}, audios: {}, fonts: {} }
[2026-08-16 14:08:02.037] [INFO ] [pid=5100] [commit] commit send pageId=81c2df targetIndex=21 version=93 baseVersion=160 revisionBytes=28932
[2026-08-16 14:08:02.042] [INFO ] [pid=5100] [commit] commit ok pageId=81c2df revisionId=574a44cc ms=5
[2026-08-16 14:08:02.043] [INFO ] [pid=5100] [backend-ops] addSlideAt ok pageId=22_plan slideId=81c2df index=21 version=93 baseVersion=160 revisionId=574a44cc code=0 images=[local=0 remote=0 cached=0 failed=0] ms=70
[2026-08-16 14:08:02.044] [INFO ] [pid=5100] [sync] step=add round=34 attempt=1 pageId=24_synergy index=23
[2026-08-16 14:08:02.044] [INFO ] [pid=5100] [backend-ops] addSlideAt start pageId=24_synergy index=23
[2026-08-16 14:08:02.044] [INFO ] [pid=5100] [render] start pageId=24_synergy file=D:\dev\GitHub\project\pro_pptwrite\商业计划书汇报\slides\24_synergy.slide
[2026-08-16 14:08:02.093] [INFO ] [pid=5100] [render] ok pageId=24_synergy slides=1 ms=49
[2026-08-16 14:08:02.093] [INFO ] [pid=5100] [render] renderSlideData result.resources={ images: {}, videos: {}, audios: {}, fonts: {} }
[2026-08-16 14:08:02.098] [INFO ] [pid=5100] [commit] commit send pageId=6e4c69 targetIndex=23 version=94 baseVersion=161 revisionBytes=29452
[2026-08-16 14:08:02.104] [INFO ] [pid=5100] [commit] commit ok pageId=6e4c69 revisionId=d824e50f ms=6
[2026-08-16 14:08:02.105] [INFO ] [pid=5100] [backend-ops] addSlideAt ok pageId=24_synergy slideId=6e4c69 index=23 version=94 baseVersion=161 revisionId=d824e50f code=0 images=[local=0 remote=0 cached=0 failed=0] ms=61
[2026-08-16 14:08:02.106] [INFO ] [pid=5100] [sync] step=add round=34 attempt=1 pageId=26_compliance index=25
[2026-08-16 14:08:02.106] [INFO ] [pid=5100] [backend-ops] addSlideAt start pageId=26_compliance index=25
[2026-08-16 14:08:02.106] [INFO ] [pid=5100] [render] start pageId=26_compliance file=D:\dev\GitHub\project\pro_pptwrite\商业计划书汇报\slides\26_compliance.slide
[2026-08-16 14:08:02.176] [INFO ] [pid=5100] [render] ok pageId=26_compliance slides=1 ms=70
[2026-08-16 14:08:02.176] [INFO ] [pid=5100] [render] renderSlideData result.resources={
  images: {
    'rel:00ycx4m9': {
      id: 'rel:00ycx4m9',
      src: 'D:\\dev\\GitHub\\project\\pro_pptwrite\\商业计划书汇报\\.cache\\media\\images\\7d06942860f71d5d5c19ba3622ed6a90.svg'
    }
  },
  videos: {},
  audios: {},
  fonts: {}
}
[2026-08-16 14:08:02.180] [INFO ] [pid=5100] [commit] commit send pageId=b6e116 targetIndex=25 version=95 baseVersion=162 revisionBytes=32936
[2026-08-16 14:08:02.187] [INFO ] [pid=5100] [commit] commit ok pageId=b6e116 revisionId=78f9fc60 ms=7
[2026-08-16 14:08:02.188] [INFO ] [pid=5100] [backend-ops] addSlideAt ok pageId=26_compliance slideId=b6e116 index=25 version=95 baseVersion=162 revisionId=78f9fc60 code=0 images=[local=1 remote=0 cached=0 failed=0] ms=82
[2026-08-16 14:08:02.189] [INFO ] [pid=5100] [sync] aligned round=34 attempt=1 size=27 desired=27 pendingDirtySize=0
[2026-08-16 14:08:02.189] [INFO ] [pid=5100] [sync] reconcile ok round=34 attempt=1 ms=1609
[2026-08-16 14:08:02.189] [INFO ] [pid=5100] [backend-ops] save start file=D:\dev\GitHub\project\pro_pptwrite\商业计划书汇报\商业计划书.pptx
[2026-08-16 14:08:02.189] [INFO ] [pid=5100] [commit] save send filePath=D:\dev\GitHub\project\pro_pptwrite\商业计划书汇报\商业计划书.pptx
[2026-08-16 14:08:02.306] [INFO ] [pid=5100] [commit] save ok file_path=D:\dev\GitHub\project\pro_pptwrite\商业计划书汇报\商业计划书.pptx ms=116
[2026-08-16 14:08:02.306] [INFO ] [pid=5100] [backend-ops] save ok file_path=D:\dev\GitHub\project\pro_pptwrite\商业计划书汇报\商业计划书.pptx ms=117
[2026-08-16 14:08:02.306] [INFO ] [pid=5100] [sync] drain end round=34 reconciles=1 mergedSubmits=1 pendingDirtySize=0 ms=1726
=== boot pid=13720 ts=2026-08-16 14:08:11.912 cwd=D:\dev\GitHub\project\pro_pptwrite\商业计划书汇报 argv=C:\Users\Administrator\.workbuddy\binaries\node\versions\22.22.2\node_modules\@tencent\slidep\dist\slidep-validate.js --all --project D:/dev/GitHub/project/pro_pptwrite/商业计划书汇报 ===
[2026-08-16 14:08:11.910] [INFO ] [pid=13720] [validate] --all mode: found 27 files in D:\dev\GitHub\project\pro_pptwrite\商业计划书汇报\slides
[2026-08-16 14:08:11.912] [INFO ] [pid=13720] [validate] batch start files=27 checkOverflow=true
[2026-08-16 14:08:15.282] [INFO ] [pid=13720] [validate] batch done total=27 passed=27 failed=0 ms=3372
